timestamp,open,high,low,close,volume
2021-01-01,736.9,750.39,714.86,730.79,15151.39095
2021-01-02,731.19,788.89,716.71,774.73,26362.64832
2021-01-03,775.24,1021.85,769.61,978.54,87214.42384
2021-01-04,980.02,1168.0,888.0,1042.2,92359.90891
2021-01-05,1043.99,1135.42,975.0,1102.7,49173.19579
2021-01-06,1103.5,1216.65,1059.66,1209.87,51948.05131
2021-01-07,1212.62,1294.91,1010.19,1225.7,51128.93981
2021-01-08,1226.49,1275.0,1064.64,1216.71,58076.50686
2021-01-09,1217.7,1308.26,1173.05,1280.12,30239.30428
2021-01-10,1281.01,1351.5,1158.99,1256.23,58205.25802
2021-01-11,1255.39,1260.12,910.0,1086.44,142110.25644
2021-01-12,1087.18,1150.7,1006.01,1048.65,57895.78435
2021-01-13,1049.31,1136.92,986.01,1126.47,37485.23823
2021-01-14,1130.0,1246.41,1085.99,1229.45,48922.97282
2021-01-15,1231.38,1255.0,1058.37,1168.23,58864.46004
2021-01-16,1169.68,1292.45,1151.96,1227.38,45301.65087
2021-01-17,1227.18,1269.42,1166.01,1232.09,35027.50285
2021-01-18,1233.33,1260.84,1182.66,1258.94,24708.78036
2021-01-19,1258.99,1440.0,1252.34,1366.93,68700.28919
2021-01-20,1367.72,1408.26,1231.0,1378.72,61750.07252
2021-01-21,1378.77,1388.82,1085.1,1109.42,77578.04174
2021-01-22,1113.02,1275.34,1040.0,1234.0,62705.57263
2021-01-23,1233.32,1273.53,1197.66,1234.08,30705.67367
2021-01-24,1234.29,1448.0,1221.92,1392.15,49655.78506
2021-01-25,1394.05,1476.31,1294.35,1318.0,42934.46768
2021-01-26,1318.54,1378.47,1243.85,1370.19,46963.20463
2021-01-27,1368.4,1374.76,1206.77,1241.1,53306.88068
2021-01-28,1241.61,1362.54,1210.09,1331.17,30864.63768
2021-01-29,1332.18,1440.3,1288.38,1378.72,52460.50315
2021-01-30,1382.57,1408.35,1326.61,1379.8,21350.51984
2021-01-31,1379.84,1382.1,1281.16,1314.31,17944.36633
2021-02-01,1313.98,1377.65,1271.2,1374.5,24384.3712
2021-02-02,1373.76,1548.18,1361.89,1513.06,53418.56019
2021-02-03,1514.24,1670.12,1509.42,1666.16,67445.08393
2021-02-04,1667.0,1697.99,1557.5,1596.96,43236.97483
2021-02-05,1598.27,1762.0,1592.3,1720.77,31342.04791
2021-02-06,1719.83,1744.89,1646.23,1678.84,32615.9206
2021-02-07,1679.38,1694.56,1492.23,1615.62,37530.35015
2021-02-08,1615.22,1778.9,1566.92,1751.28,35827.65447
2021-02-09,1753.0,1825.0,1709.95,1772.0,27655.69056
2021-02-10,1773.33,1839.1,1680.28,1740.79,35029.60165
2021-02-11,1743.43,1819.0,1705.0,1787.88,23565.87333
2021-02-12,1789.75,1867.57,1740.0,1847.65,25432.73779
2021-02-13,1844.88,1874.56,1766.01,1815.63,22628.72533
2021-02-14,1817.63,1851.13,1785.57,1801.79,16213.76054
2021-02-15,1802.47,1836.3,1641.42,1780.65,25948.07202
2021-02-16,1780.95,1826.76,1723.04,1781.67,19959.34506
2021-02-17,1782.43,1856.0,1733.72,1849.76,21250.95414
2021-02-18,1850.87,1950.0,1850.87,1938.3,27445.25507
2021-02-19,1940.5,1975.0,1890.0,1956.24,22206.24755
2021-02-20,1956.24,2041.05,1783.39,1917.98,31595.24891
2021-02-21,1914.31,1976.0,1885.27,1934.6,18873.54598
2021-02-22,1936.68,1937.37,1520.0,1778.11,58774.65014
2021-02-23,1777.34,1782.56,1355.0,1577.68,101955.86077
2021-02-24,1578.7,1713.88,1500.0,1625.53,38259.19318
2021-02-25,1624.18,1672.0,1458.89,1479.14,33792.17499
2021-02-26,1481.11,1562.59,1400.56,1443.86,39281.78957
2021-02-27,1445.54,1529.76,1426.78,1459.55,18905.15133
2021-02-28,1458.83,1469.15,1292.94,1420.92,35105.00552
2021-03-01,1421.94,1573.33,1412.66,1571.49,28448.54805
2021-03-02,1571.56,1604.32,1456.17,1486.04,22754.77817
2021-03-03,1488.35,1657.38,1477.29,1568.84,17350.0327
2021-03-04,1568.48,1624.98,1505.91,1539.73,17519.64399
2021-03-05,1539.72,1549.1,1442.17,1528.05,20153.69741
2021-03-06,1529.63,1671.91,1512.97,1651.4,19175.68714
2021-03-07,1652.75,1734.68,1629.7,1726.9,18020.86053
2021-03-08,1730.0,1843.0,1665.98,1833.16,22822.99252
2021-03-09,1834.81,1871.21,1799.1,1871.13,16748.02765
2021-03-10,1871.39,1878.57,1757.94,1794.03,19666.6769
2021-03-11,1796.1,1847.25,1724.0,1825.95,14997.85761
2021-03-12,1827.14,1841.98,1720.17,1766.0,15055.22539
2021-03-13,1768.91,1943.78,1728.17,1921.8,19533.40015
2021-03-14,1920.87,1931.73,1836.39,1847.66,10515.97311
2021-03-15,1847.68,1890.86,1734.02,1792.91,21999.02487
2021-03-16,1793.25,1819.36,1712.0,1806.44,11563.0399
2021-03-17,1805.63,1846.52,1741.75,1823.05,11847.45195
2021-03-18,1824.63,1849.53,1757.14,1776.59,12054.32577
2021-03-19,1776.32,1840.66,1733.71,1810.18,10500.31899
2021-03-20,1810.18,1868.88,1801.34,1804.22,6247.15772
2021-03-21,1804.22,1816.94,1747.06,1783.45,10484.61135
2021-03-22,1784.16,1808.79,1656.0,1681.18,16035.80193
2021-03-23,1682.55,1721.57,1652.2,1668.8,13987.49016
2021-03-24,1667.9,1740.93,1544.0,1581.13,18400.58245
2021-03-25,1582.31,1622.62,1547.79,1587.3,15244.80314
2021-03-26,1587.48,1700.87,1587.21,1699.81,11638.61369
2021-03-27,1700.42,1732.53,1659.97,1712.76,9231.79072
2021-03-28,1715.69,1725.5,1661.22,1686.3,6166.69664
2021-03-29,1686.53,1841.9,1676.95,1816.06,16680.40912
2021-03-30,1816.75,1859.52,1785.83,1841.07,11539.12875
2021-03-31,1841.29,1947.05,1771.7,1918.15,14778.31133
2021-04-01,1919.99,1984.17,1885.12,1968.42,16634.28072
2021-04-02,1968.42,2145.6,1948.74,2134.92,27604.5067
2021-04-03,2134.06,2139.0,1999.12,2010.07,17962.20169
2021-04-04,2009.0,2092.05,1978.0,2075.98,10914.50594
2021-04-05,2076.63,2132.08,2002.56,2107.2,10698.06688
2021-04-06,2107.93,2152.36,2045.29,2111.62,16215.56329
2021-04-07,2112.63,2128.81,1906.8,1962.93,31524.89525
2021-04-08,1962.94,2083.89,1946.13,2080.8,15152.77737
2021-04-09,2080.66,2100.6,2048.56,2066.3,8361.17506
2021-04-10,2066.58,2196.95,2057.31,2133.42,13260.61255
2021-04-11,2134.9,2163.5,2112.62,2149.25,7093.19079
2021-04-12,2149.95,2207.39,2101.84,2136.44,14148.17304
2021-04-13,2137.78,2317.98,2135.04,2298.2,25754.27716
2021-04-14,2300.71,2446.44,2282.03,2430.5,27131.30304
2021-04-15,2433.35,2545.49,2400.68,2516.0,21844.727
2021-04-16,2516.39,2549.4,2248.88,2426.9,21496.18931
2021-04-17,2426.6,2497.11,2313.14,2319.68,22341.71256
2021-04-18,2318.87,2340.44,1890.88,2240.98,45296.34044
2021-04-19,2240.9,2282.05,2078.0,2160.53,28055.23741
2021-04-20,2162.9,2348.46,2057.37,2334.28,26736.82685
2021-04-21,2332.83,2470.06,2237.48,2357.51,28678.59569
2021-04-22,2359.66,2645.33,2281.02,2398.35,62682.90802
2021-04-23,2398.54,2444.22,2100.0,2369.3,80175.11178
2021-04-24,2369.52,2369.52,2157.33,2217.42,21802.65605
2021-04-25,2220.59,2358.18,2170.5,2321.2,36574.58785
2021-04-26,2322.5,2543.76,2306.28,2534.84,21313.02595
2021-04-27,2534.99,2683.0,2483.65,2669.06,16592.24217
2021-04-28,2669.06,2762.74,2563.43,2749.58,25010.33395
2021-04-29,2751.55,2800.0,2671.47,2758.77,17070.51136
2021-04-30,2759.14,2800.0,2726.92,2777.42,10439.39497
2021-05-01,2776.17,2958.0,2756.87,2948.36,12097.43207
2021-05-02,2947.93,2988.0,2855.02,2951.79,11936.38598
2021-05-03,2952.13,3457.47,2952.13,3433.32,43128.08176
2021-05-04,3435.08,3540.31,3160.0,3240.32,43531.98803
2021-05-05,3240.32,3548.94,3209.78,3528.38,19541.26651
2021-05-06,3528.38,3610.0,3381.33,3491.19,18363.58001
2021-05-07,3493.64,3590.86,3357.39,3481.47,14044.99702
2021-05-08,3483.38,3962.21,3454.9,3913.35,25889.18889
2021-05-09,3914.4,3989.89,3728.19,3927.37,19711.24999
2021-05-10,3929.29,4213.28,3550.0,3950.59,31903.20613
2021-05-11,3949.85,4189.99,3775.13,4177.56,17335.64999
2021-05-12,4180.14,4378.89,3700.0,3800.19,34619.11257
2021-05-13,3831.75,4039.68,3484.02,3720.7,55701.1182
2021-05-14,3720.27,4180.0,3695.28,4079.58,26866.98035
2021-05-15,4080.46,4135.03,3600.0,3648.03,26553.28699
2021-05-16,3647.18,3880.55,3269.69,3583.94,42392.54966
2021-05-17,3581.66,3588.35,3119.0,3280.71,53052.87571
2021-05-18,3284.04,3566.55,3241.0,3378.78,30656.12287
2021-05-19,3377.11,3441.35,1900.0,2446.29,152652.14809
2021-05-20,2448.23,2998.0,2155.81,2774.59,76683.74388
2021-05-21,2771.08,2943.23,2100.31,2433.96,65780.89414
2021-05-22,2432.86,2486.78,2153.0,2297.73,53483.00626
2021-05-23,2298.05,2382.79,1728.0,2099.59,117406.27612
2021-05-24,2099.0,2692.0,2084.03,2651.3,94704.10943
2021-05-25,2650.01,2753.27,2380.36,2705.19,55693.70056
2021-05-26,2707.78,2914.0,2646.31,2888.87,45520.36148
2021-05-27,2890.24,2893.99,2557.88,2745.04,22747.388
2021-05-28,2742.85,2762.67,2329.53,2411.52,46892.05403
2021-05-29,2409.61,2574.72,2207.24,2279.69,39689.43388
2021-05-30,2280.53,2478.72,2182.65,2386.6,40258.58661
2021-05-31,2386.66,2721.23,2273.43,2705.04,33450.94985
2021-06-01,2706.64,2741.15,2523.21,2633.55,31785.77844
2021-06-02,2633.97,2801.99,2551.35,2707.73,24178.29117
2021-06-03,2705.23,2890.99,2663.15,2856.91,28887.82293
2021-06-04,2857.86,2861.34,2550.0,2691.65,29437.50347
2021-06-05,2695.39,2817.82,2552.97,2629.28,24822.6394
2021-06-06,2625.54,2746.54,2615.86,2711.31,15027.75672
2021-06-07,2711.24,2848.92,2571.16,2594.32,24335.9634
2021-06-08,2593.75,2626.21,2305.82,2509.0,39084.40805
2021-06-09,2507.6,2638.43,2407.89,2612.28,25473.45877
2021-06-10,2611.12,2625.92,2427.21,2472.69,15076.74103
2021-06-11,2470.99,2497.03,2300.0,2354.23,14469.75011
2021-06-12,2354.71,2453.06,2256.74,2370.0,15648.736
2021-06-13,2371.21,2550.0,2308.78,2509.79,14447.97408
2021-06-14,2509.52,2609.43,2461.98,2581.08,15530.62962
2021-06-15,2582.29,2640.99,2509.45,2543.8,12325.31971
2021-06-16,2543.18,2555.52,2351.35,2370.0,16687.85335
2021-06-17,2367.53,2461.45,2306.72,2371.75,12684.13863
2021-06-18,2372.41,2377.3,2138.82,2234.68,23462.02568
2021-06-19,2233.89,2278.85,2161.93,2168.62,15247.09374
2021-06-20,2167.1,2275.62,2040.81,2242.76,21397.71178
2021-06-21,2243.65,2260.04,1861.32,1885.75,62994.94495
2021-06-22,1886.77,1996.26,1700.49,1877.79,64480.00999
2021-06-23,1879.42,2045.25,1822.84,1968.07,21813.1897
2021-06-24,1968.79,2036.0,1884.64,1990.32,18174.33422
2021-06-25,1990.12,2036.43,1790.89,1810.0,23451.73352
2021-06-26,1809.55,1851.34,1717.47,1831.11,25798.25202
2021-06-27,1829.05,1984.99,1805.9,1981.93,18839.77327
2021-06-28,1984.48,2145.0,1961.6,2084.42,38286.75498
2021-06-29,2084.73,2245.46,2074.84,2160.49,25804.21707
2021-06-30,2164.99,2287.38,2088.52,2275.12,25074.47082
2021-07-01,2275.82,2276.13,2075.0,2106.19,24398.12447
2021-07-02,2107.44,2159.69,2017.69,2154.23,19157.43229
2021-07-03,2154.28,2243.9,2113.29,2227.28,14529.96148
2021-07-04,2226.75,2390.0,2189.58,2323.81,13204.31922
2021-07-05,2322.01,2330.79,2159.0,2196.0,25269.47069
2021-07-06,2197.34,2350.0,2193.12,2322.8,26103.0434
2021-07-07,2322.74,2409.32,2294.44,2316.0,23221.86205
2021-07-08,2316.05,2324.55,2085.39,2114.31,27352.52263
2021-07-09,2115.35,2189.01,2046.97,2146.47,17645.14415
2021-07-10,2146.45,2194.88,2074.67,2109.86,8133.65894
2021-07-11,2110.48,2173.38,2080.62,2140.13,6787.04338
2021-07-12,2140.7,2168.1,2007.0,2031.64,16061.17748
2021-07-13,2030.78,2045.0,1917.18,1939.97,20490.40915
2021-07-14,1939.97,2019.13,1865.03,1995.05,24488.48978
2021-07-15,1994.3,2040.98,1880.21,1918.75,18130.33023
2021-07-16,1918.09,1964.09,1850.05,1876.02,18928.30762
2021-07-17,1876.31,1919.02,1845.55,1897.72,11362.69982
2021-07-18,1899.49,1993.98,1878.2,1891.5,13074.37435
2021-07-19,1892.2,1917.42,1800.0,1818.26,18895.01183
2021-07-20,1818.37,1840.82,1718.0,1786.0,41465.79631
2021-07-21,1786.54,2033.0,1755.0,1995.73,31720.91522
2021-07-22,1995.74,2046.21,1947.31,2023.52,17892.56002
2021-07-23,2024.64,2131.02,1995.68,2124.89,17447.59325
2021-07-24,2125.94,2199.99,2106.91,2185.0,17881.72011
2021-07-25,2186.74,2198.0,2107.95,2191.76,11201.96307
2021-07-26,2191.82,2431.38,2173.12,2228.19,40777.50876
2021-07-27,2229.07,2319.8,2152.48,2300.0,31867.66523
2021-07-28,2301.42,2345.74,2244.47,2300.37,21419.27094
2021-07-29,2301.03,2400.0,2267.44,2383.56,15690.60087
2021-07-30,2383.88,2475.47,2316.32,2462.76,19166.94965
2021-07-31,2464.49,2554.27,2422.01,2533.2,14425.19854
2021-08-01,2533.2,2698.67,2471.0,2555.0,26424.24903
2021-08-02,2556.29,2666.21,2506.73,2609.99,22800.01967
2021-08-03,2608.48,2633.45,2435.51,2507.72,23323.97394
2021-08-04,2508.55,2772.96,2457.95,2727.14,26701.34559
2021-08-05,2725.66,2846.0,2531.67,2829.2,37767.61896
2021-08-06,2829.31,2948.7,2721.86,2893.76,23776.19749
2021-08-07,2893.94,3174.98,2867.0,3160.96,33401.383
2021-08-08,3163.21,3191.97,2950.0,3013.87,20331.77505
2021-08-09,3013.89,3188.33,2896.0,3164.73,26746.1074
2021-08-10,3162.61,3234.0,3052.0,3143.18,21369.95612
2021-08-11,3143.18,3275.0,3122.65,3162.13,20585.22959
2021-08-12,3162.56,3239.72,2981.13,3048.59,28092.285
2021-08-13,3048.6,3328.99,3036.35,3325.31,17126.44185
2021-08-14,3324.7,3333.0,3206.7,3265.84,11796.2688
2021-08-15,3266.39,3322.57,3113.64,3310.15,15464.66621
2021-08-16,3311.09,3337.97,3136.92,3147.75,18675.5389
2021-08-17,3147.74,3290.78,2991.08,3011.82,21253.0063
2021-08-18,3012.61,3126.52,2951.0,3015.93,17522.27665
2021-08-19,3015.95,3187.93,2957.83,3184.0,14459.32475
2021-08-20,3184.72,3301.09,3178.2,3286.87,15406.79643
2021-08-21,3286.45,3310.11,3207.2,3226.95,9491.0633
2021-08-22,3227.2,3274.89,3128.53,3240.69,11416.00208
2021-08-23,3241.41,3378.34,3233.14,3323.25,17716.45732
2021-08-24,3322.95,3359.76,3148.6,3172.15,15548.92138
2021-08-25,3171.63,3248.94,3078.77,3228.02,14452.39965
2021-08-26,3229.21,3251.35,3054.0,3094.71,14960.15349
2021-08-27,3094.1,3282.84,3061.22,3274.02,13034.4534
2021-08-28,3276.25,3286.7,3212.88,3247.61,5885.04578
2021-08-29,3247.55,3287.28,3155.0,3225.18,7281.40584
2021-08-30,3226.33,3349.43,3145.59,3229.52,15236.2013
2021-08-31,3230.95,3475.04,3190.0,3433.97,23665.25563
2021-09-01,3429.77,3857.44,3383.88,3828.49,24815.98297
2021-09-02,3828.49,3837.32,3724.11,3787.69,13565.5529
2021-09-03,3788.56,4029.53,3710.89,3938.45,19027.52647
2021-09-04,3938.7,3971.15,3832.85,3887.46,7126.4487
2021-09-05,3887.7,3983.0,3835.0,3953.53,6360.4539
2021-09-06,3951.48,3972.94,3867.56,3928.72,8570.2971
2021-09-07,3928.65,3947.6,2998.75,3431.72,39092.15153
2021-09-08,3434.79,3560.94,3215.0,3495.04,22523.6931
2021-09-09,3498.28,3568.24,3390.44,3424.5,13209.2328
2021-09-10,3424.64,3514.69,3149.0,3209.24,15715.6062
2021-09-11,3212.95,3348.57,3195.86,3267.32,10766.3552
2021-09-12,3265.62,3472.52,3231.82,3405.08,12050.8829
2021-09-13,3405.37,3429.3,3110.0,3284.98,17587.2931
2021-09-14,3286.86,3438.79,3265.09,3434.51,10426.7041
2021-09-15,3436.56,3617.83,3359.89,3613.65,11180.9854
2021-09-16,3615.38,3675.53,3481.55,3569.69,12997.7129
2021-09-17,3569.69,3595.27,3350.0,3399.25,11859.097
2021-09-18,3400.21,3544.14,3368.82,3436.95,9502.4488
2021-09-19,3436.86,3456.41,3279.14,3329.46,7127.0907
2021-09-20,3329.73,3345.92,2917.62,2975.87,33430.23515
2021-09-21,2977.15,3105.91,2650.01,2766.34,39077.28688
2021-09-22,2764.64,3200.0,2737.17,3079.83,28120.9489
2021-09-23,3076.76,3175.65,3036.45,3153.77,17965.4476
2021-09-24,3153.77,3159.87,2735.33,2930.54,34783.8775
2021-09-25,2930.84,2968.41,2803.22,2927.51,18160.798
2021-09-26,2923.15,3117.28,2739.79,3064.36,25496.7117
2021-09-27,3059.06,3166.8,2925.0,2927.4,16655.2118
2021-09-28,2926.79,2970.16,2789.06,2805.29,18865.5186
2021-09-29,2803.93,2949.69,2782.43,2849.93,12216.5755
2021-09-30,2848.93,3048.4,2836.77,3000.33,14404.7293
2021-10-01,3000.5,3331.36,2969.38,3310.84,21083.8904
2021-10-02,3311.88,3470.52,3258.56,3391.08,9326.258
2021-10-03,3390.56,3490.0,3344.83,3419.63,8417.4524
2021-10-04,3419.5,3438.59,3273.16,3385.6,13020.0286
2021-10-05,3389.38,3546.45,3365.51,3518.24,15586.4254
2021-10-06,3516.0,3632.65,3342.16,3575.63,18916.1174
2021-10-07,3577.86,3655.16,3473.14,3586.18,13935.4267
2021-10-08,3589.08,3681.52,3535.0,3564.18,14251.7035
2021-10-09,3564.95,3635.25,3539.41,3576.39,7252.9153
2021-10-10,3573.78,3603.99,3398.31,3414.25,11331.8819
2021-10-11,3413.6,3624.4,3373.0,3544.81,10935.3948
2021-10-12,3541.95,3547.86,3403.55,3488.49,10805.5931
2021-10-13,3490.98,3614.23,3412.0,3605.21,11962.6793
2021-10-14,3608.12,3824.58,3587.39,3791.06,12127.1619
2021-10-15,3792.63,3904.38,3734.23,3866.63,12875.8451
2021-10-16,3868.42,3969.92,3803.87,3829.81,9151.1521
2021-10-17,3827.58,3918.99,3636.99,3846.65,7879.9022
2021-10-18,3847.95,3892.92,3672.92,3745.01,11000.1357
2021-10-19,3745.01,3886.92,3732.61,3877.1,12154.2284
2021-10-20,3877.76,4169.97,3827.44,4161.73,17669.46599
2021-10-21,4163.46,4374.55,4013.28,4054.55,21210.39362
2021-10-22,4052.28,4169.26,3890.38,3970.73,10145.7524
2021-10-23,3970.73,4172.3,3938.24,4167.77,6606.2057
2021-10-24,4168.91,4185.18,3962.62,4085.01,6430.9309
2021-10-25,4083.42,4236.01,4069.02,4217.63,7694.2411
2021-10-26,4220.86,4297.0,4087.93,4131.74,10159.8433
2021-10-27,4133.1,4322.0,3912.11,3922.9,16334.6098
2021-10-28,3923.3,4299.97,3868.93,4287.89,16555.7377
2021-10-29,4288.17,4460.89,4267.27,4420.24,15185.81719
2021-10-30,4420.4,4433.82,4234.0,4322.47,8197.2291
2021-10-31,4327.02,4395.62,4160.0,4289.87,8775.9483
2021-11-01,4289.8,4384.95,4150.0,4323.86,11359.4756
2021-11-02,4321.01,4603.05,4287.23,4593.06,15716.23269
2021-11-03,4593.29,4668.57,4457.7,4605.37,12715.89413
2021-11-04,4605.72,4607.94,4423.61,4538.25,11080.9006
2021-11-05,4537.75,4572.73,4442.9,4481.57,11078.6524
2021-11-06,4478.15,4536.76,4330.19,4522.48,8829.6832
2021-11-07,4521.34,4641.19,4506.82,4617.43,7333.615
2021-11-08,4615.79,4826.25,4615.79,4812.15,9258.0512
2021-11-09,4812.3,4843.02,4713.98,4730.67,10364.5736
2021-11-10,4733.9,4867.23,4465.0,4633.94,14153.9709
2021-11-11,4628.44,4782.98,4579.62,4723.97,10835.8807
2021-11-12,4722.57,4809.04,4507.94,4666.44,12246.0318
2021-11-13,4666.27,4707.26,4586.01,4644.47,5668.0155
2021-11-14,4644.31,4698.78,4515.0,4628.15,7013.2395
2021-11-15,4629.25,4771.89,4542.86,4564.06,13876.3918
2021-11-16,4563.09,4563.09,4106.38,4214.0,28941.7886
2021-11-17,4209.44,4300.0,4065.0,4290.85,13277.7931
2021-11-18,4290.34,4345.51,3960.0,3999.21,19709.2562
2021-11-19,3999.23,4313.14,3976.42,4297.68,13154.8433
2021-11-20,4298.84,4437.12,4204.08,4409.04,10353.0836
2021-11-21,4414.24,4427.4,4245.06,4260.7,8544.3741
2021-11-22,4264.16,4320.7,4025.19,4089.37,16036.0818
2021-11-23,4090.2,4387.35,4060.69,4340.49,15370.646
2021-11-24,4338.74,4373.64,4169.85,4271.53,17408.1902
2021-11-25,4271.23,4554.39,4249.09,4525.71,15582.0825
2021-11-26,4527.96,4650.0,3915.76,4046.44,22525.3399
2021-11-27,4044.29,4185.57,4031.93,4099.46,7036.2742
2021-11-28,4096.22,4302.04,3965.46,4298.79,10497.7325
2021-11-29,4296.7,4462.38,4282.24,4445.45,14590.1366
2021-11-30,4447.17,4758.0,4350.0,4627.19,19676.3307
2021-12-01,4633.98,4784.27,4527.31,4585.27,13952.3296
2021-12-02,4584.55,4636.89,4435.46,4516.71,9930.061
2021-12-03,4513.03,4658.53,4033.26,4219.79,13814.6686
2021-12-04,4217.62,4239.76,3510.0,4122.26,32462.863
2021-12-05,4121.73,4256.09,4033.69,4198.95,14613.2562
2021-12-06,4201.71,4381.82,3923.7,4352.47,21503.0561
2021-12-07,4357.22,4429.99,4260.0,4309.61,9221.995
2021-12-08,4311.11,4455.99,4227.92,4440.57,8646.3418
2021-12-09,4440.6,4492.0,4077.0,4108.32,13797.6287
2021-12-10,4108.76,4232.19,3888.88,3900.72,15790.0236
2021-12-11,3897.75,4098.17,3835.0,4090.34,10798.804
2021-12-12,4090.9,4176.23,3989.09,4135.09,9334.6436
2021-12-13,4130.44,4145.09,3671.16,3781.74,21513.1479
2021-12-14,3785.32,3883.33,3686.63,3857.7,12015.7495
2021-12-15,3860.84,4095.95,3644.0,4020.32,18068.9074
2021-12-16,4020.65,4117.06,3950.0,3957.95,10948.5902
2021-12-17,3960.25,3994.67,3700.0,3877.41,12130.4172
2021-12-18,3877.13,3999.99,3768.64,3963.33,10265.1632
2021-12-19,3956.5,4033.0,3886.76,3927.27,7009.6831
2021-12-20,3923.85,3983.05,3755.13,3943.98,9934.5192
2021-12-21,3944.42,4063.73,3914.86,4016.75,7728.6078
2021-12-22,4017.02,4075.77,3935.45,3980.24,8015.7571
2021-12-23,3982.39,4154.21,3892.06,4113.92,9737.2771
2021-12-24,4116.22,4136.0,4020.01,4046.83,4918.0503
2021-12-25,4048.48,4139.29,4020.0,4097.12,5586.4099
2021-12-26,4097.21,4106.91,4005.39,4064.19,3858.1023
2021-12-27,4066.95,4130.81,4033.76,4038.32,3042.5304
2021-12-28,4037.41,4038.54,3761.29,3790.54,11199.3825
2021-12-29,3797.07,3827.93,3603.2,3628.49,11155.9621
2021-12-30,3629.91,3769.4,3584.41,3710.33,8312.2896
2021-12-31,3709.08,3815.0,3622.38,3678.79,8262.412
2022-01-01,3677.24,3777.73,3674.81,3767.76,3650.8262
2022-01-02,3768.01,3857.39,3717.0,3831.0,2982.6473
2022-01-03,3828.26,3852.39,3677.78,3762.48,5233.4506
2022-01-04,3766.07,3896.0,3713.7,3784.02,7016.4917
2022-01-05,3784.57,3848.1,3400.7,3539.6,17702.8195
2022-01-06,3538.82,3550.68,3300.0,3407.52,20160.6903
2022-01-07,3405.62,3415.71,3062.9,3195.2,24277.7873
2022-01-08,3199.33,3247.21,3000.0,3081.52,12815.8128
2022-01-09,3078.28,3211.68,3057.67,3149.89,10125.1617
2022-01-10,3149.8,3181.57,2928.0,3085.66,20836.3425
2022-01-11,3084.72,3263.96,3050.29,3241.05,9858.032
2022-01-12,3242.17,3412.84,3205.3,3372.43,10514.5317
2022-01-13,3373.67,3412.19,3234.4,3243.67,6442.5407
2022-01-14,3242.96,3343.46,3186.11,3310.29,6278.5371
2022-01-15,3310.29,3374.23,3263.77,3330.28,3315.7654
2022-01-16,3329.06,3394.03,3272.73,3349.55,5063.5465
2022-01-17,3351.28,3359.11,3142.22,3211.33,7619.9314
2022-01-18,3211.8,3243.63,3082.99,3161.64,9576.6295
2022-01-19,3163.01,3176.17,3046.21,3084.51,12288.5247
2022-01-20,3087.19,3273.63,2987.86,3005.43,10924.5874
2022-01-21,2997.4,3033.33,2454.4,2569.42,33502.76165
2022-01-22,2566.44,2624.38,2301.0,2411.75,23467.52222
2022-01-23,2412.04,2551.31,2373.21,2539.81,12357.4398
2022-01-24,2539.02,2539.88,2157.96,2442.46,30868.26815
2022-01-25,2441.33,2507.27,2351.69,2461.18,11512.6157
2022-01-26,2459.08,2724.89,2403.39,2463.44,13954.5119
2022-01-27,2465.32,2522.51,2317.0,2427.33,17065.8527
2022-01-28,2426.6,2558.33,2359.0,2546.19,10598.9044
2022-01-29,2543.31,2639.01,2520.86,2597.59,7064.7914
2022-01-30,2600.81,2640.79,2543.47,2606.41,6733.2161
2022-01-31,2604.9,2706.53,2478.56,2687.75,9623.8164
2022-02-01,2687.73,2815.11,2675.45,2788.64,10042.0441
2022-02-02,2791.0,2812.43,2615.92,2681.68,9332.8702
2022-02-03,2681.18,2727.01,2576.06,2696.72,8551.6101
2022-02-04,2696.45,2997.13,2673.18,2995.11,17156.1335
2022-02-05,2997.59,3063.73,2961.4,3015.42,8541.8666
2022-02-06,3016.39,3075.56,2948.27,3058.77,6666.0916
2022-02-07,3062.49,3189.44,2994.94,3142.88,14419.0491
2022-02-08,3143.14,3234.92,3028.0,3118.26,13380.9276
2022-02-09,3119.88,3272.58,3055.75,3246.59,18359.5123
2022-02-10,3248.36,3285.0,3060.0,3073.81,14969.7462
2022-02-11,3075.27,3140.44,2878.73,2929.84,14896.4325
2022-02-12,2926.8,2985.71,2858.69,2918.93,7605.2395
2022-02-13,2919.61,2954.92,2837.02,2870.93,6946.6225
2022-02-14,2877.16,2967.25,2832.73,2929.07,12324.224
2022-02-15,2935.29,3197.95,2913.72,3184.93,12567.6287
2022-02-16,3187.19,3189.99,3045.29,3124.96,12585.7752
2022-02-17,3125.24,3161.78,2854.12,2895.14,10047.5068
2022-02-18,2892.61,2945.52,2752.34,2781.11,9167.2697
2022-02-19,2779.91,2830.57,2696.32,2765.75,6862.5535
2022-02-20,2760.56,2763.22,2576.36,2620.38,8816.0608
2022-02-21,2623.14,2762.03,2560.0,2568.08,13822.1046
2022-02-22,2574.27,2666.38,2500.02,2639.31,12550.7691
2022-02-23,2639.21,2754.85,2577.0,2580.17,13731.3468
2022-02-24,2579.42,2738.02,2301.89,2600.1,34176.081
2022-02-25,2596.51,2836.7,2573.06,2766.88,12099.3521
2022-02-26,2769.03,2880.0,2715.01,2778.95,6507.5783
2022-02-27,2781.34,2837.49,2560.04,2615.43,8604.9266
2022-02-28,2615.43,2950.0,2567.57,2921.81,12635.6185
2022-03-01,2924.2,3038.37,2855.03,2976.59,15864.9053
2022-03-02,2978.89,3044.32,2914.89,2950.14,9008.9427
2022-03-03,2947.49,2972.01,2783.12,2831.73,10397.0219
2022-03-04,2833.71,2835.98,2573.23,2622.61,7881.7953
2022-03-05,2621.8,2686.87,2590.19,2666.27,2893.9202
2022-03-06,2665.3,2676.25,2532.05,2550.39,5340.129
2022-03-07,2551.15,2649.11,2445.0,2493.01,10074.0331
2022-03-08,2492.09,2624.72,2480.61,2576.8,10492.2877
2022-03-09,2576.17,2775.0,2568.29,2728.39,11343.1046
2022-03-10,2728.15,2733.17,2554.26,2607.45,11469.4914
2022-03-11,2608.61,2678.56,2523.81,2556.73,8666.6293
2022-03-12,2557.46,2615.23,2553.98,2567.93,3286.4434
2022-03-13,2568.88,2602.66,2492.48,2515.84,4048.5307
2022-03-14,2515.65,2609.58,2498.69,2591.99,10314.1494
2022-03-15,2589.95,2669.09,2508.22,2618.39,22501.7238
2022-03-16,2618.3,2790.0,2603.67,2773.62,19946.4962
2022-03-17,2773.63,2838.58,2747.87,2813.34,12857.5294
2022-03-18,2812.61,2986.05,2768.21,2940.9,11234.3524
2022-03-19,2939.61,2987.5,2895.32,2953.44,4896.2572
2022-03-20,2950.78,2965.57,2819.8,2863.7,5034.6335
2022-03-21,2864.26,2961.5,2832.07,2891.37,7841.4572
2022-03-22,2890.51,3053.42,2888.28,2970.81,10796.9261
2022-03-23,2968.91,3045.76,2920.52,3035.86,9866.6058
2022-03-24,3037.33,3131.75,3003.93,3111.45,9019.0807
2022-03-25,3112.15,3194.63,3077.05,3103.34,7948.6336
2022-03-26,3103.77,3154.24,3086.19,3146.85,2783.7083
2022-03-27,3146.22,3300.0,3127.82,3296.6,7595.18
2022-03-28,3296.84,3432.32,3276.77,3330.52,12825.6584
2022-03-29,3334.14,3483.19,3331.49,3401.71,18288.301
2022-03-30,3401.44,3447.83,3334.0,3386.28,6488.9016
2022-03-31,3386.82,3445.97,3262.38,3282.45,10415.6328
2022-04-01,3283.52,3489.0,3211.55,3455.94,14317.3721
2022-04-02,3455.86,3533.02,3434.04,3444.6,14619.2984
2022-04-03,3445.14,3588.78,3414.07,3522.04,8757.5521
2022-04-04,3522.85,3547.82,3409.73,3520.72,14223.4408
2022-04-05,3520.18,3555.49,3398.11,3406.93,17456.1677
2022-04-06,3407.0,3407.0,3163.2,3168.68,33626.2407
2022-04-07,3167.76,3268.76,3143.83,3228.19,21237.233
2022-04-08,3227.16,3315.47,3173.83,3194.84,12186.4682
2022-04-09,3192.75,3269.29,3182.05,3259.12,5124.6152
2022-04-10,3259.84,3314.49,3192.05,3203.4,5650.9307
2022-04-11,3203.46,3214.13,2950.0,2978.7,22341.539
2022-04-12,2979.96,3099.0,2941.79,3027.75,17307.6836
2022-04-13,3028.12,3130.85,2998.02,3116.95,11289.9197
2022-04-14,3118.63,3145.56,2976.09,3022.29,9609.0406
2022-04-15,3021.9,3065.03,2992.61,3041.87,9013.6926
2022-04-16,3040.77,3086.8,3010.62,3060.01,6018.4972
2022-04-17,3061.0,3083.26,2983.3,2988.29,8894.0856
2022-04-18,2988.24,3069.5,2884.53,3056.31,20131.6324
2022-04-19,3056.17,3130.97,3030.0,3102.08,12697.4842
2022-04-20,3102.08,3167.2,3035.36,3077.05,14770.639
2022-04-21,3076.79,3181.14,2943.1,2983.75,14608.6488
2022-04-22,2983.94,3033.42,2932.56,2962.12,14458.1834
2022-04-23,2962.6,2978.79,2916.0,2932.7,7269.6181
2022-04-24,2933.38,2967.49,2913.1,2921.74,9253.8322
2022-04-25,2921.6,3026.02,2793.36,3006.98,20497.2382
2022-04-26,3007.22,3039.17,2766.99,2809.46,15832.0745
2022-04-27,2809.04,2919.72,2794.63,2889.33,14392.8632
2022-04-28,2889.02,2979.84,2854.67,2937.11,14360.222
2022-04-29,2937.18,2946.71,2776.34,2817.22,15204.2295
2022-04-30,2816.77,2847.61,2715.93,2728.01,9256.0135
2022-05-01,2726.48,2848.67,2715.91,2825.7,11172.3631
2022-05-02,2824.81,2882.35,2773.98,2855.54,15560.9492
2022-05-03,2856.55,2861.2,2755.04,2781.1,12539.9972
2022-05-04,2781.31,2965.6,2771.02,2940.48,13994.5208
2022-05-05,2940.36,2954.1,2688.36,2747.55,18189.9164
2022-05-06,2747.73,2758.5,2634.0,2692.36,17317.7512
2022-05-07,2692.44,2703.24,2588.0,2634.64,12560.0837
2022-05-08,2634.78,2641.18,2484.31,2518.72,21039.7206
2022-05-09,2519.24,2529.79,2211.0,2231.64,34871.1584
2022-05-10,2227.69,2456.69,2200.0,2341.83,35579.0168
2022-05-11,2340.71,2451.69,2000.0,2076.37,51039.7343
2022-05-12,2074.41,2185.11,1625.75,1953.18,88936.1047
2022-05-13,1953.91,2147.82,1935.02,2006.54,51787.9679
2022-05-14,2007.11,2066.09,1947.24,2053.41,26134.4661
2022-05-15,2053.39,2163.0,1997.84,2143.52,21376.1335
2022-05-16,2142.63,2143.0,1977.12,2019.91,33188.2729
2022-05-17,2021.17,2120.05,2005.08,2088.06,26469.8755
2022-05-18,2088.57,2108.15,1905.57,1911.4,30110.0618
2022-05-19,1911.87,2040.0,1900.0,2016.89,46617.0938
2022-05-20,2016.74,2064.99,1920.71,1957.15,32307.7882
2022-05-21,1957.17,1988.11,1935.22,1973.07,14537.445
2022-05-22,1971.81,2054.0,1963.51,2040.96,19701.9747
2022-05-23,2040.9,2086.66,1954.18,1970.96,32092.2138
2022-05-24,1971.25,1991.56,1911.0,1977.1,31179.6727
2022-05-25,1977.49,2019.56,1930.3,1940.47,29095.0228
2022-05-26,1940.51,1964.28,1725.98,1791.07,62992.8389
2022-05-27,1789.61,1824.08,1702.9,1725.82,56596.3358
2022-05-28,1725.71,1806.93,1720.0,1790.17,25005.6073
2022-05-29,1790.17,1825.62,1760.0,1811.9,18315.8441
2022-05-30,1811.66,2011.91,1801.48,1997.24,37867.6157
2022-05-31,1997.5,2014.85,1920.16,1940.31,31380.1594
2022-06-01,1940.85,1971.57,1761.41,1815.94,32712.6806
2022-06-02,1816.28,1851.66,1780.81,1832.64,34231.527
2022-06-03,1832.68,1842.18,1735.0,1773.6,29459.8577
2022-06-04,1773.17,1814.11,1746.57,1803.09,16252.2086
2022-06-05,1803.01,1828.58,1771.81,1804.57,15036.7077
2022-06-06,1804.6,1918.66,1802.05,1858.36,31100.0535
2022-06-07,1858.14,1873.66,1724.16,1811.92,37483.1001
2022-06-08,1812.2,1838.0,1764.27,1790.32,27880.4992
2022-06-09,1790.31,1831.51,1775.71,1787.34,18898.4522
2022-06-10,1787.34,1802.89,1654.0,1660.81,35805.0837
2022-06-11,1661.21,1680.22,1500.0,1530.81,67010.65296
2022-06-12,1531.25,1594.98,1422.88,1433.15,63285.54539
2022-06-13,1432.64,1452.97,1163.79,1208.08,155775.40317
2022-06-14,1207.91,1268.99,1074.0,1207.01,128295.44822
2022-06-15,1206.98,1248.99,1010.0,1236.14,196738.91855
2022-06-16,1236.2,1256.23,1050.0,1067.03,78761.7957
2022-06-17,1066.85,1116.82,1050.0,1085.27,59290.4894
2022-06-18,1084.62,1096.64,880.03,993.64,120935.86803
2022-06-19,993.45,1157.26,935.0,1126.82,76784.0674
2022-06-20,1126.56,1169.0,1051.36,1127.02,76932.5517
2022-06-21,1126.71,1192.4,1107.64,1124.59,60145.7614
2022-06-22,1124.86,1128.0,1042.82,1048.69,59259.9099
2022-06-23,1048.99,1153.26,1043.9,1143.53,57902.1264
2022-06-24,1143.22,1244.98,1131.11,1223.83,68388.1549
2022-06-25,1224.19,1255.0,1179.03,1240.66,29911.7359
2022-06-26,1241.41,1279.75,1193.85,1197.04,31168.8554
2022-06-27,1197.13,1237.98,1172.14,1190.81,34753.563
2022-06-28,1191.08,1236.07,1135.09,1142.73,40291.9903
2022-06-29,1142.24,1155.38,1085.91,1098.1,56641.4865
2022-06-30,1098.97,1105.84,997.0,1069.82,58647.3159
2022-07-01,1069.88,1114.82,1032.13,1058.3,46977.9459
2022-07-02,1058.61,1077.51,1026.92,1065.69,23750.3035
2022-07-03,1065.71,1090.67,1039.56,1072.94,16684.0453
2022-07-04,1072.88,1159.46,1044.32,1149.63,40006.1231
2022-07-05,1149.6,1172.84,1075.0,1131.69,55150.5519
2022-07-06,1131.27,1203.5,1110.03,1185.56,37819.7339
2022-07-07,1185.27,1253.46,1162.23,1236.01,83838.07
2022-07-08,1237.03,1275.64,1192.41,1213.09,60963.7955
2022-07-09,1213.1,1234.17,1203.8,1216.38,29043.9978
2022-07-10,1216.46,1219.06,1153.21,1167.46,38457.9882
2022-07-11,1167.68,1170.57,1090.94,1095.55,67345.0246
2022-07-12,1095.31,1097.53,1032.5,1037.51,73057.0856
2022-07-13,1037.39,1118.67,1005.0,1114.67,77902.2338
2022-07-14,1113.97,1213.27,1070.0,1192.6,80363.5787
2022-07-15,1192.59,1287.68,1180.2,1230.89,74938.5197
2022-07-16,1230.78,1421.83,1191.08,1355.44,76686.5195
2022-07-17,1355.61,1389.0,1317.61,1338.12,57826.7973
2022-07-18,1338.24,1597.93,1335.75,1580.67,96887.2987
2022-07-19,1580.49,1630.66,1492.99,1542.41,111853.7503
2022-07-20,1542.44,1622.82,1484.2,1521.91,87942.2169
2022-07-21,1521.19,1606.06,1464.28,1575.49,78591.2966
2022-07-22,1575.56,1649.99,1516.47,1535.43,72932.663
2022-07-23,1535.35,1596.98,1486.06,1548.89,51196.1471
2022-07-24,1549.14,1664.47,1546.58,1597.99,45183.1356
2022-07-25,1597.81,1609.29,1433.0,1441.61,70037.2517
2022-07-26,1440.62,1453.77,1356.69,1448.73,69258.3806
2022-07-27,1449.3,1644.89,1420.94,1636.54,76455.9309
2022-07-28,1636.52,1785.75,1594.53,1724.91,93613.9224
2022-07-29,1725.25,1766.0,1656.4,1722.54,64630.6438
2022-07-30,1722.66,1745.0,1673.74,1697.3,35828.801
2022-07-31,1697.54,1754.18,1667.01,1678.95,37343.0604
2022-08-01,1678.94,1705.17,1605.67,1630.73,41808.9321
2022-08-02,1631.12,1678.82,1558.45,1631.03,67027.4678
2022-08-03,1631.15,1684.6,1590.58,1618.62,63167.3453
2022-08-04,1618.5,1663.0,1580.63,1608.23,52963.4263
2022-08-05,1608.05,1741.87,1605.71,1736.57,58457.6108
2022-08-06,1737.14,1751.47,1685.0,1690.33,32453.6887
2022-08-07,1691.01,1730.0,1670.0,1700.39,31497.496
2022-08-08,1700.55,1819.02,1694.27,1777.16,50059.4966
2022-08-09,1777.02,1989.0,1668.0,1703.28,51357.6909
2022-08-10,1703.31,1893.43,1657.01,1854.21,74058.0961
2022-08-11,1854.21,1942.28,1851.03,1880.95,70445.5506
2022-08-12,1881.04,1965.65,1854.08,1959.0,53332.6493
2022-08-13,1959.16,2021.32,1947.4,1984.21,67570.599
2022-08-14,1984.38,2031.09,1905.01,1935.81,36600.0748
2022-08-15,1935.99,2013.0,1872.83,1899.95,50674.8379
2022-08-16,1898.94,1915.0,1852.07,1876.72,45916.3774
2022-08-17,1876.95,1957.53,1818.99,1834.11,55503.0131
2022-08-18,1834.56,1882.72,1821.29,1846.47,32332.235
2022-08-19,1846.45,1848.18,1603.32,1609.0,89094.325
2022-08-20,1608.89,1656.68,1523.86,1575.93,52120.9992
2022-08-21,1575.95,1646.13,1562.34,1618.11,42903.7403
2022-08-22,1618.27,1628.72,1529.71,1624.72,89821.3716
2022-08-23,1624.54,1675.0,1563.81,1665.29,66413.8018
2022-08-24,1665.6,1694.62,1605.69,1656.59,48282.9295
2022-08-25,1656.6,1722.4,1653.44,1695.62,35135.3368
2022-08-26,1695.33,1705.66,1486.06,1508.24,63597.8962
2022-08-27,1507.71,1518.55,1447.23,1491.28,51542.2002
2022-08-28,1491.05,1511.15,1424.08,1426.09,35960.6133
2022-08-29,1426.64,1559.92,1422.2,1552.2,59008.2918
2022-08-30,1551.88,1606.01,1474.15,1524.49,54579.3948
2022-08-31,1524.79,1619.59,1524.62,1553.84,49630.9716
2022-09-01,1553.88,1599.79,1513.17,1586.11,34701.0702
2022-09-02,1585.96,1649.0,1546.8,1575.48,42943.3011
2022-09-03,1575.19,1582.08,1534.11,1557.63,18942.2168
2022-09-04,1557.28,1583.09,1540.82,1579.53,15535.1503
2022-09-05,1579.38,1631.35,1556.98,1617.8,25428.9986
2022-09-06,1617.81,1687.25,1554.27,1558.93,72659.0019
2022-09-07,1559.03,1657.68,1490.0,1630.57,54293.152
2022-09-08,1630.51,1663.69,1595.23,1635.16,48036.0509
2022-09-09,1635.74,1746.0,1630.72,1719.04,51341.3854
2022-09-10,1719.45,1789.94,1707.0,1774.58,23197.33
2022-09-11,1774.7,1789.31,1720.89,1766.84,18793.8295
2022-09-12,1767.19,1783.34,1693.18,1717.02,36568.1977
2022-09-13,1716.44,1760.0,1561.54,1574.62,70623.5968
2022-09-14,1574.16,1646.8,1552.67,1638.73,33584.8294
2022-09-15,1638.73,1657.23,1457.08,1472.61,78511.8731
2022-09-16,1473.1,1483.26,1405.6,1434.44,38629.6554
2022-09-17,1433.81,1476.16,1409.0,1469.16,22299.2286
2022-09-18,1468.92,1469.81,1325.0,1334.17,40886.2797
2022-09-19,1334.56,1393.13,1281.0,1376.3,58354.6341
2022-09-20,1376.01,1384.91,1313.34,1322.93,48151.9133
2022-09-21,1323.2,1409.33,1220.69,1245.93,63837.5437
2022-09-22,1245.76,1348.67,1237.24,1326.08,44055.4953
2022-09-23,1326.38,1359.39,1262.45,1326.98,57059.4215
2022-09-24,1327.39,1349.23,1306.73,1316.8,21628.8667
2022-09-25,1317.3,1337.99,1269.51,1294.94,25332.803
2022-09-26,1294.67,1340.43,1278.42,1336.38,26884.5903
2022-09-27,1336.22,1400.01,1303.88,1328.03,30596.8449
2022-09-28,1328.43,1354.86,1253.02,1337.68,20354.5395
2022-09-29,1337.32,1351.81,1328.16,1338.12,797.3137
2023-03-12,1482.62,1677.81,1482.62,1601.6,8601.7965
2023-03-13,1605.09,1839.36,1586.66,1683.08,14615.9029
2023-03-14,1683.01,1785.77,1664.37,1707.01,14356.2423
2023-03-15,1705.36,1723.06,1615.7,1655.19,6869.0281
2023-03-16,1656.08,1694.11,1639.79,1677.92,5605.5165
2023-03-17,1677.41,1803.47,1665.91,1793.78,7111.1693
2023-03-18,1793.05,1844.35,1754.12,1764.13,8446.0726
2023-03-19,1765.05,1846.64,1763.48,1784.78,2400.5009
2023-03-20,1786.99,1808.96,1730.39,1740.14,6355.9334
2023-03-21,1739.32,1840.26,1725.0,1806.74,5174.4178
2023-03-22,1806.87,1823.92,1715.72,1739.04,6999.2108
2023-03-23,1739.54,1862.63,1733.99,1816.79,4374.1436
2023-03-24,1817.98,1822.4,1729.07,1751.85,6311.9963
2023-03-25,1750.69,1764.64,1715.86,1743.4,1768.7461
2023-03-26,1743.49,1800.66,1741.41,1775.4,1435.2024
2023-03-27,1776.06,1781.78,1465.0,1715.97,4293.2949
2023-03-28,1715.65,1795.29,1702.51,1773.41,3469.5354
2023-03-29,1774.79,1827.38,1773.58,1792.87,2450.1368
2023-03-30,1792.92,1829.35,1763.46,1793.56,3040.955
2023-03-31,1794.68,1847.31,1779.18,1822.47,2812.6673
2023-04-01,1822.56,1843.71,1809.29,1821.24,1332.102
2023-04-02,1820.78,1825.58,1773.72,1794.73,1285.2114
2023-04-03,1795.37,1839.69,1764.27,1811.31,4593.7409
2023-04-04,1811.6,1891.0,1802.46,1871.35,7195.233
2023-04-05,1871.72,1940.66,1865.75,1909.18,3077.6023
2023-04-06,1908.68,1910.08,1854.92,1872.94,9500.664
2023-04-07,1873.33,1883.27,1842.29,1865.36,1732.1811
2023-04-08,1864.79,1879.95,1848.44,1849.98,1697.5857
2023-04-09,1848.9,1874.99,1825.59,1859.85,2988.9863
2023-04-10,1859.71,1919.91,1847.9,1911.49,4245.7996
2023-04-11,1911.49,1938.34,1883.2,1891.93,5396.1241
2023-04-12,1891.72,1933.63,1855.1,1918.86,10223.7333
2023-04-13,1918.87,2025.27,1901.42,2013.93,6166.7482
2023-04-14,2013.87,2130.51,2011.33,2102.41,9229.1034
2023-04-15,2101.9,2113.07,2074.58,2092.27,4071.6067
2023-04-16,2092.28,2143.1,2075.0,2120.79,3919.6609
2023-04-17,2119.88,2121.64,2057.28,2076.1,5741.7711
2023-04-18,2075.36,2124.44,2052.34,2104.35,4162.7803
2023-04-19,2104.02,2105.38,1924.01,1935.13,8067.835
2023-04-20,1934.65,1982.86,1916.72,1942.87,5176.349
2023-04-21,1942.74,1956.64,1825.0,1848.55,8425.8297
2023-04-22,1848.38,1887.27,1842.66,1873.63,7153.0576
2023-04-23,1873.74,1882.11,1838.64,1862.07,2755.848
2023-04-24,1861.98,1889.17,1807.19,1842.07,6228.4473
2023-04-25,1842.17,1877.91,1802.1,1866.34,4728.7263
2023-04-26,1866.71,1965.0,1785.18,1866.41,17639.925
2023-04-27,1866.41,1939.16,1862.02,1909.99,6010.9105
2023-04-28,1909.24,1924.5,1875.07,1892.4,3268.5639
2023-04-29,1892.91,1918.99,1885.69,1908.83,1490.7595
2023-04-30,1908.37,1939.59,1867.88,1870.39,2127.2538
2023-05-01,1871.16,1887.15,1806.84,1831.19,3981.0163
2023-05-02,1831.07,1881.38,1823.47,1870.7,3067.894
2023-05-03,1871.12,1916.23,1843.26,1905.81,3587.9496
2023-05-04,1905.78,1918.21,1867.77,1877.74,2597.8235
2023-05-05,1877.82,2000.0,1876.57,1995.26,4881.5323
2023-05-06,1995.28,2019.3,1865.29,1899.6,4619.6268
2023-05-07,1901.06,1935.54,1870.7,1873.22,2665.2508
2023-05-08,1873.06,1886.43,1812.71,1849.63,6915.934
2023-05-09,1849.19,1861.89,1832.2,1847.47,2902.0255
2023-05-10,1847.76,1887.9,1792.5,1842.18,3826.6513
2023-05-11,1842.13,1843.18,1773.5,1795.45,3425.8296
2023-05-12,1795.36,1817.4,1740.67,1808.4,12597.9699
2023-05-13,1808.13,1816.88,1786.55,1796.11,1890.0357
2023-05-14,1796.08,1824.45,1790.93,1800.13,1712.6737
2023-05-15,1799.89,1847.36,1785.93,1817.39,2988.0004
2023-05-16,1816.69,1832.46,1796.15,1824.42,2598.8459
2023-05-17,1824.1,1837.1,1785.1,1822.25,2720.8696
2023-05-18,1823.1,1831.8,1772.12,1800.48,2540.1417
2023-05-19,1800.25,1829.27,1797.34,1811.9,1812.8718
2023-05-20,1813.01,1829.12,1807.43,1819.57,1022.5085
2023-05-21,1820.5,1829.46,1798.44,1805.34,1814.6277
2023-05-22,1805.23,1828.41,1792.51,1817.72,3359.8607
2023-05-23,1817.73,1874.77,1816.04,1854.27,3008.725
2023-05-24,1854.32,1854.32,1777.85,1800.01,3700.9361
2023-05-25,1799.95,1818.57,1761.82,1806.41,2717.3084
2023-05-26,1805.81,1838.47,1797.16,1828.56,2293.665
2023-05-27,1828.87,1836.25,1812.37,1830.71,1286.6601
2023-05-28,1830.76,1923.84,1823.97,1908.63,4400.3463
2023-05-29,1908.62,1927.6,1874.63,1893.16,3388.3668
2023-05-30,1893.44,1917.05,1882.04,1900.88,2440.5591
2023-05-31,1900.47,1907.68,1848.04,1874.16,2678.1752
2023-06-01,1874.41,1888.56,1840.47,1862.19,2517.0643
2023-06-02,1861.43,1947.5,1848.25,1907.92,3041.0034
2023-06-03,1907.58,1908.44,1882.68,1892.46,1416.8369
2023-06-04,1892.52,1915.08,1885.06,1890.83,2099.4052
2023-06-05,1890.48,1891.1,1780.0,1810.85,3365.182
2023-06-06,1810.41,1897.95,1798.46,1884.38,2871.4712
2023-06-07,1884.62,1897.55,1822.07,1832.41,2872.7892
2023-06-08,1831.56,1861.29,1828.82,1845.75,1398.1798
2023-06-09,1846.4,1876.07,1827.71,1840.01,1704.5499
2023-06-10,1840.34,1844.7,1717.01,1752.31,4079.9288
2023-06-11,1752.7,1778.44,1740.0,1753.06,1443.4123
2023-06-12,1753.22,1759.47,1720.35,1742.81,2242.0169
2023-06-13,1742.81,1766.41,1724.68,1739.26,1906.24
2023-06-14,1739.22,1749.51,1630.99,1650.78,2720.1933
2023-06-15,1650.76,1678.66,1621.95,1665.53,5637.8712
2023-06-16,1665.31,1727.56,1648.4,1716.66,2648.5907
2023-06-17,1716.49,1770.0,1713.19,1727.12,3108.5533
2023-06-18,1727.3,1747.09,1713.03,1720.39,1389.5051
2023-06-19,1720.74,1750.38,1698.5,1736.78,2783.4034
2023-06-20,1736.76,1796.57,1714.3,1792.05,3457.2284
2023-06-21,1793.1,1901.09,1787.86,1889.11,6717.7162
2023-06-22,1890.15,1933.5,1866.91,1872.67,7029.5434
2023-06-23,1872.89,1936.47,1862.07,1893.55,8386.0634
2023-06-24,1893.18,1906.32,1866.5,1875.8,3458.3129
2023-06-25,1876.0,1930.55,1870.01,1899.27,3333.3718
2023-06-26,1899.57,1908.84,1836.99,1859.45,7741.9379
2023-06-27,1859.1,1912.36,1855.63,1889.55,4506.1958
2023-06-28,1890.34,1890.34,1816.31,1827.88,3970.0191
2023-06-29,1827.88,1879.39,1827.88,1851.76,3270.789
2023-06-30,1851.76,1950.01,1825.0,1933.2,18286.0502
2023-07-01,1934.32,1943.98,1909.06,1924.55,1685.4969
2023-07-02,1924.33,1960.66,1887.36,1936.87,3704.2835
2023-07-03,1937.42,1976.12,1933.84,1955.59,4957.3688
2023-07-04,1955.28,1967.0,1931.85,1936.32,2541.3024
2023-07-05,1936.57,1942.37,1894.54,1910.41,4112.8184
2023-07-06,1910.17,1957.91,1846.75,1846.75,3636.2081
2023-07-07,1846.64,1877.9,1827.0,1871.09,5035.9015
2023-07-08,1869.83,1873.2,1842.85,1865.48,1837.6693
2023-07-09,1865.86,1880.19,1856.98,1862.7,1441.3929
2023-07-10,1863.3,1905.13,1847.35,1880.64,3228.2201
2023-07-11,1881.24,1891.33,1862.44,1878.17,2787.9621
2023-07-12,1878.5,1901.91,1864.28,1871.54,6848.2922
2023-07-13,1871.64,2014.11,1863.21,2004.74,8533.109
2023-07-14,2006.25,2033.0,1900.0,1939.12,8137.7893
2023-07-15,1938.74,1946.92,1927.42,1931.7,1343.3044
2023-07-16,1931.91,1944.13,1915.03,1923.07,1486.2305
2023-07-17,1921.95,1936.47,1873.77,1912.22,2797.3943
2023-07-18,1912.41,1917.23,1876.87,1897.72,2167.7302
2023-07-19,1898.03,1921.79,1882.33,1888.65,1988.8935
2023-07-20,1888.15,1928.87,1877.92,1890.5,3416.0163
2023-07-21,1890.5,1904.66,1885.0,1891.6,992.2265
2023-07-22,1892.07,1896.97,1851.13,1866.11,1418.2319
2023-07-23,1866.33,1904.89,1858.35,1888.92,1742.9408
2023-07-24,1888.34,1890.43,1833.33,1850.14,1761.4225
2023-07-25,1849.94,1867.62,1845.31,1858.01,1738.0574
2023-07-26,1857.0,1887.73,1848.57,1871.26,2285.2383
2023-07-27,1871.85,1886.05,1854.55,1860.31,1839.8593
2023-07-28,1860.94,1882.29,1855.87,1874.18,1227.463
2023-07-29,1873.86,1886.11,1869.59,1880.45,569.5977
2023-07-30,1880.56,1885.0,1849.51,1861.46,1152.2617
2023-07-31,1861.38,1877.03,1851.1,1856.16,1573.7207
2023-08-01,1855.81,1874.56,1812.53,1872.97,3655.5282
2023-08-02,1872.64,1878.34,1820.92,1839.88,2194.3931
2023-08-03,1838.62,1857.26,1824.39,1834.19,1836.5777
2023-08-04,1833.68,1849.89,1814.1,1827.69,2170.8924
2023-08-05,1827.43,1836.87,1824.75,1834.78,1472.6719
2023-08-06,1833.81,1836.49,1824.32,1827.56,633.7285
2023-08-07,1827.29,1843.65,1800.0,1827.11,3450.5561
2023-08-08,1827.1,1875.79,1823.96,1855.47,3780.3826
2023-08-09,1855.48,1870.86,1844.54,1853.77,3644.2306
2023-08-10,1854.23,1864.11,1844.02,1850.48,1180.0569
2023-08-11,1850.74,1855.12,1837.03,1847.07,1821.1612
2023-08-12,1847.2,1852.15,1845.11,1848.73,608.1223
2023-08-13,1848.89,1860.31,1832.99,1839.23,924.7032
2023-08-14,1838.58,1853.88,1833.54,1843.73,3439.9375
2023-08-15,1843.74,1845.52,1812.0,1827.11,1484.3235
2023-08-16,1826.97,1829.21,1793.99,1805.57,2876.3798
2023-08-17,1805.79,1807.56,1550.0,1680.59,10944.6245
2023-08-18,1681.13,1699.0,1640.0,1660.74,5904.1113
2023-08-19,1660.91,1695.93,1653.95,1669.36,2679.968
2023-08-20,1669.75,1694.52,1661.72,1684.77,3087.0972
2023-08-21,1685.41,1686.93,1648.61,1667.04,2870.3489
2023-08-22,1668.5,1669.1,1579.47,1634.22,4634.5528
2023-08-23,1634.21,1701.97,1628.97,1679.82,5010.3887
2023-08-24,1679.96,1683.22,1635.53,1660.74,2435.4768
2023-08-25,1660.22,1676.86,1634.67,1653.17,4527.1738
2023-08-26,1653.23,1654.84,1643.27,1646.35,741.5655
2023-08-27,1646.13,1659.27,1645.32,1657.72,896.3369
2023-08-28,1657.31,1662.45,1619.94,1651.95,3024.5223
2023-08-29,1652.6,1745.19,1638.91,1729.7,6127.7939
2023-08-30,1729.16,1730.58,1695.72,1705.55,2400.5999
2023-08-31,1704.81,1727.5,1629.57,1645.25,3354.5599
2023-09-01,1645.09,1653.59,1601.73,1627.75,2958.9989
2023-09-02,1628.44,1644.35,1627.18,1636.77,1058.1795
2023-09-03,1636.88,1647.27,1624.95,1635.33,1857.7864
2023-09-04,1635.65,1644.4,1615.45,1629.7,1958.3694
2023-09-05,1629.92,1646.6,1608.97,1633.44,1856.5645
2023-09-06,1633.69,1669.03,1608.91,1631.98,3659.8482
2023-09-07,1631.99,1658.58,1622.54,1647.21,3532.5874
2023-09-08,1646.69,1658.07,1615.43,1635.82,2650.659
2023-09-09,1636.07,1636.76,1629.07,1635.11,866.7348
2023-09-10,1635.12,1635.28,1600.0,1616.55,1906.0792
2023-09-11,1616.5,1618.57,1530.0,1550.99,5725.5342
2023-09-12,1551.22,1624.32,1549.03,1593.01,8179.8851
2023-09-13,1592.92,1618.28,1581.86,1607.73,5540.9098
2023-09-14,1607.95,1644.21,1607.03,1626.54,5399.3673
2023-09-15,1626.51,1653.29,1611.41,1641.06,3776.1779
2023-09-16,1641.43,1652.06,1630.93,1634.58,1746.4567
2023-09-17,1634.59,1636.59,1612.42,1622.54,1616.7022
2023-09-18,1623.01,1669.34,1604.56,1636.89,6671.7656
2023-09-19,1636.88,1660.98,1626.73,1643.27,3926.3884
2023-09-20,1643.28,1649.58,1605.1,1622.36,4342.2115
2023-09-21,1622.36,1625.47,1566.65,1583.79,4372.6292
2023-09-22,1583.78,1602.51,1576.4,1593.0,3310.656
2023-09-23,1593.01,1598.17,1587.24,1593.88,1211.476
2023-09-24,1593.91,1601.19,1570.02,1580.45,1898.279
2023-09-25,1580.32,1597.76,1563.11,1587.76,4024.3449
2023-09-26,1587.85,1600.45,1579.52,1593.12,3228.1863
2023-09-27,1593.16,1633.15,1582.35,1597.21,5681.2724
2023-09-28,1597.21,1667.46,1596.69,1652.77,6008.2025
2023-09-29,1652.76,1687.54,1648.17,1667.13,6129.1568
2023-09-30,1667.14,1694.34,1665.84,1671.06,2266.9622
2023-10-01,1670.95,1767.83,1668.38,1732.5,3921.6421
2023-10-02,1734.43,1743.98,1636.86,1662.52,7615.4745
2023-10-03,1662.51,1670.59,1643.52,1656.96,4192.3855
2023-10-04,1657.01,1657.52,1624.0,1646.42,5555.9694
2023-10-05,1647.26,1655.85,1605.12,1611.41,4887.2568
2023-10-06,1612.2,1661.97,1611.87,1645.52,3131.0896
2023-10-07,1645.49,1648.27,1631.01,1634.55,955.9189
2023-10-08,1634.63,1642.28,1617.21,1633.32,1784.7013
2023-10-09,1633.52,1636.51,1547.56,1579.95,5230.4935
2023-10-10,1579.9,1594.89,1550.31,1567.4,4144.7257
2023-10-11,1567.62,1578.41,1545.27,1566.37,4173.7123
2023-10-12,1566.37,1568.23,1520.0,1539.07,4364.0286
2023-10-13,1538.91,1573.83,1537.51,1551.91,3711.1235
2023-10-14,1552.17,1561.41,1544.53,1555.3,1400.5267
2023-10-15,1554.96,1566.78,1546.23,1557.87,2103.3679
2023-10-16,1557.94,1645.24,1555.14,1600.12,8400.745
2023-10-17,1600.17,1601.38,1551.29,1565.29,4141.7535
2023-10-18,1565.44,1585.62,1556.3,1564.05,3288.9671
2023-10-19,1563.55,1574.83,1542.53,1567.38,5638.3996
2023-10-20,1567.16,1631.42,1562.05,1604.53,8087.8855
2023-10-21,1604.76,1644.69,1593.05,1629.0,6480.3834
2023-10-22,1629.55,1668.03,1621.29,1664.3,6873.5082
2023-10-23,1664.01,1801.11,1657.6,1766.27,13611.8798
2023-10-24,1766.62,1854.6,1756.61,1784.69,20862.7668
2023-10-25,1784.8,1816.21,1760.71,1787.3,9549.1085
2023-10-26,1787.31,1866.8,1762.64,1803.42,15017.5691
2023-10-27,1802.73,1804.2,1745.01,1779.7,9698.645
2023-10-28,1779.67,1803.09,1770.55,1776.42,4621.1347
2023-10-29,1776.42,1812.42,1763.05,1795.28,4122.1454
2023-10-30,1796.55,1830.42,1778.3,1809.66,6531.125
2023-10-31,1809.87,1819.91,1782.29,1815.79,6472.3295
2023-11-01,1815.59,1858.24,1783.87,1847.36,12296.7994
2023-11-02,1848.08,1875.31,1785.36,1801.08,11343.3926
2023-11-03,1800.49,1835.2,1777.74,1833.23,11693.4267
2023-11-04,1833.59,1870.0,1825.12,1857.54,5740.1758
2023-11-05,1856.81,1914.37,1847.54,1893.22,12011.8913
2023-11-06,1893.05,1914.93,1871.18,1900.7,13496.7255
2023-11-07,1901.31,1907.49,1850.11,1886.13,12769.3954
2023-11-08,1885.8,1904.94,1873.69,1888.42,9931.9719
2023-11-09,1889.03,2145.67,1883.01,2121.88,23195.5296
2023-11-10,2121.37,2136.34,2066.18,2078.83,15618.2458
2023-11-11,2078.93,2090.78,2032.12,2053.82,9005.3114
2023-11-12,2052.83,2067.36,2013.65,2045.99,6672.4849
2023-11-13,2045.65,2118.62,2015.0,2054.02,22068.7884
2023-11-14,2054.26,2065.25,1928.84,1979.61,17145.7379
2023-11-15,1979.04,2062.5,1967.63,2060.26,12395.2166
2023-11-16,2059.64,2091.48,1934.71,1961.94,20665.2233
2023-11-17,1961.72,1991.22,1905.02,1961.53,16077.8259
2023-11-18,1961.53,1972.18,1917.12,1963.3,9863.9833
2023-11-19,1963.93,2016.32,1944.38,2012.14,8149.5659
2023-11-20,2013.43,2067.58,1991.46,2022.54,17370.4443
2023-11-21,2022.51,2035.9,1933.29,1933.61,17624.7441
2023-11-22,1933.7,2092.95,1930.18,2064.1,16567.066
2023-11-23,2063.74,2088.79,2040.48,2062.24,10765.9524
2023-11-24,2062.41,2133.13,2059.53,2082.2,11576.1859
2023-11-25,2082.5,2091.77,2067.08,2084.51,3382.7616
2023-11-26,2083.43,2095.28,2037.51,2062.64,6977.2034
2023-11-27,2063.13,2072.03,1986.22,2026.43,11949.6448
2023-11-28,2027.73,2075.52,1995.45,2049.15,12472.743
2023-11-29,2049.24,2077.51,2019.94,2029.68,8960.1837
2023-11-30,2028.92,2054.98,2021.37,2052.14,7815.005
2023-12-01,2052.8,2111.5,2045.53,2088.2,12628.0721
2023-12-02,2088.22,2190.28,2087.23,2165.5,9992.3821
2023-12-03,2165.74,2218.0,2150.17,2193.8,7577.1764
2023-12-04,2193.75,2275.0,2192.35,2243.47,16244.5566
2023-12-05,2243.12,2309.87,2155.32,2293.64,23781.5278
2023-12-06,2293.72,2312.48,2220.32,2233.32,17490.6892
2023-12-07,2232.97,2383.12,2222.25,2356.67,20927.6366
2023-12-08,2356.12,2392.64,2339.16,2359.17,16009.222
2023-12-09,2359.91,2403.2,2330.0,2341.59,10911.7846
2023-12-10,2341.37,2377.04,2322.52,2352.28,9163.5252
2023-12-11,2352.43,2354.8,2150.0,2224.01,32353.7623
2023-12-12,2223.81,2242.79,2164.44,2201.88,21753.7027
2023-12-13,2202.48,2286.41,2145.0,2260.47,23005.1255
2023-12-14,2260.63,2332.19,2222.43,2316.04,21756.9466
2023-12-15,2315.74,2318.05,2198.6,2220.47,18565.668
2023-12-16,2220.44,2261.44,2210.19,2227.56,8664.1867
2023-12-17,2226.75,2245.77,2190.26,2194.34,10707.1166
2023-12-18,2194.27,2223.45,2111.64,2218.37,14611.2649
2023-12-19,2219.17,2254.33,2134.55,2177.16,17243.3505
2023-12-20,2177.25,2265.46,2158.17,2201.65,18227.0871
2023-12-21,2202.06,2279.1,2183.17,2239.88,17069.2266
2023-12-22,2239.94,2343.01,2231.01,2326.07,26559.2566
2023-12-23,2326.24,2332.16,2267.31,2309.7,13897.1838
2023-12-24,2309.34,2326.68,2245.0,2264.99,8486.5035
2023-12-25,2264.73,2313.95,2254.0,2270.95,8739.4737
2023-12-26,2271.57,2275.13,2179.13,2230.68,11550.0544
2023-12-27,2232.14,2398.0,2212.37,2380.21,14772.7956
2023-12-28,2380.18,2446.8,2336.37,2345.32,22313.7173
2023-12-29,2345.03,2386.22,2256.0,2299.31,20643.3735
2023-12-30,2299.28,2323.42,2268.36,2291.17,9258.108
2023-12-31,2291.78,2322.18,2257.93,2281.57,11825.3127
2024-01-01,2281.65,2352.33,2265.34,2352.28,9401.7606
2024-01-02,2352.13,2432.96,2340.0,2356.17,18417.5194
2024-01-03,2355.93,2387.14,2108.49,2210.56,23112.8627
2024-01-04,2210.48,2298.8,2203.9,2269.03,17244.7528
2024-01-05,2269.3,2282.88,2207.35,2268.84,18115.2233
2024-01-06,2270.1,2271.51,2218.0,2241.74,6618.333
2024-01-07,2241.81,2258.68,2205.79,2222.87,6754.9491
2024-01-08,2222.68,2360.0,2165.83,2332.8,12669.0169
2024-01-09,2332.46,2372.45,2230.0,2344.9,19949.1877
2024-01-10,2344.86,2644.75,2310.05,2584.82,32722.3205
2024-01-11,2584.89,2690.42,2566.2,2618.35,28456.9019
2024-01-12,2618.76,2716.87,2456.16,2521.72,29080.0239
2024-01-13,2521.56,2589.47,2496.71,2577.62,19668.5
2024-01-14,2578.15,2578.46,2468.08,2471.02,12770.0993
2024-01-15,2470.69,2551.49,2469.33,2509.92,15178.9478
2024-01-16,2510.22,2613.32,2498.62,2587.76,13445.047
2024-01-17,2586.68,2592.16,2504.77,2529.4,10250.6672
2024-01-18,2527.8,2546.41,2423.57,2468.2,9651.9574
2024-01-19,2467.86,2501.73,2412.8,2489.74,8809.583
2024-01-20,2489.29,2489.33,2452.39,2469.97,3143.8153
2024-01-21,2470.12,2480.51,2450.17,2454.89,1760.7064
2024-01-22,2455.37,2464.28,2298.85,2311.43,12290.2889
2024-01-23,2311.32,2349.27,2165.24,2241.51,16132.1213
2024-01-24,2240.68,2262.36,2195.2,2233.95,6878.1145
2024-01-25,2234.16,2240.91,2169.8,2216.1,7391.4325
2024-01-26,2216.75,2281.31,2194.81,2266.89,7417.4877
2024-01-27,2267.33,2282.54,2250.75,2267.69,2482.0228
2024-01-28,2267.9,2307.61,2239.76,2256.88,4213.2801
2024-01-29,2256.52,2323.03,2233.38,2317.68,7100.6493
2024-01-30,2317.41,2392.01,2296.1,2343.03,9296.1516
2024-01-31,2343.02,2351.54,2261.52,2281.56,8999.4071
2024-02-01,2281.57,2311.15,2238.0,2303.5,6973.6459
2024-02-02,2303.51,2323.29,2280.64,2308.22,5549.0021
2024-02-03,2308.4,2328.46,2291.65,2295.72,2958.3399
2024-02-04,2295.72,2309.54,2265.35,2289.01,3317.9632
2024-02-05,2288.66,2336.06,2267.83,2298.99,6073.8672
2024-02-06,2298.99,2391.31,2296.23,2371.38,6398.2665
2024-02-07,2371.87,2444.22,2352.29,2425.1,6625.7398
2024-02-08,2425.65,2462.83,2406.13,2419.9,6966.3222
2024-02-09,2420.13,2527.0,2419.42,2487.29,9569.5126
2024-02-10,2488.36,2517.17,2473.42,2501.21,4912.1793
2024-02-11,2500.8,2540.78,2494.3,2507.52,4384.6796
2024-02-12,2508.13,2666.86,2471.8,2659.84,11633.9542
2024-02-13,2663.03,2687.5,2588.76,2641.64,10546.0553
2024-02-14,2642.38,2788.55,2620.02,2777.54,8589.9637
2024-02-15,2776.27,2868.2,2761.94,2825.55,11230.2855
2024-02-16,2825.57,2859.84,2742.19,2804.04,10853.7909
2024-02-17,2804.11,2806.49,2719.2,2786.38,4395.8952
2024-02-18,2787.34,2895.36,2766.27,2881.56,5420.5207
2024-02-19,2881.58,2984.72,2857.46,2945.26,6623.2979
2024-02-20,2944.81,3033.64,2873.71,3015.14,11096.5912
2024-02-21,3015.8,3017.48,2867.52,2968.64,11314.2776
2024-02-22,2969.05,3036.4,2906.2,2969.4,10311.1759
2024-02-23,2969.84,2991.8,2905.96,2921.01,6258.6547
2024-02-24,2921.76,3005.9,2906.33,2992.16,4247.7467
2024-02-25,2992.43,3122.94,2983.55,3112.6,8599.1337
2024-02-26,3112.51,3198.72,3036.55,3178.43,9304.7757
2024-02-27,3178.32,3290.61,3167.81,3243.82,12192.7044
2024-02-28,3243.92,3493.06,3172.34,3386.96,19878.8196
2024-02-29,3386.97,3522.24,3302.44,3342.01,13069.1496
2024-03-01,3342.31,3455.48,3341.02,3435.9,7884.2455
2024-03-02,3435.85,3462.57,3396.75,3423.76,4930.18
2024-03-03,3423.99,3494.2,3363.79,3489.65,4591.5916
2024-03-04,3489.64,3645.29,3429.12,3632.8,11049.7702
2024-03-05,3632.9,3828.51,3210.0,3560.59,22261.4713
2024-03-06,3559.1,3902.44,3502.85,3821.7,13938.9031
2024-03-07,3822.28,3941.01,3736.8,3875.61,8370.2257
2024-03-08,3875.2,4002.89,3809.39,3892.55,11916.3143
2024-03-09,3892.53,3951.37,3880.0,3914.05,4465.5486
2024-03-10,3913.56,3971.4,3799.79,3882.79,5053.9279
2024-03-11,3882.33,4091.33,3735.0,4065.61,16221.7528
2024-03-12,4065.81,4094.01,3831.35,3980.49,10758.4756
2024-03-13,3980.51,4084.71,3935.4,4007.6,6657.3332
2024-03-14,4006.8,4013.24,3720.0,3881.1,10016.6039
2024-03-15,3880.82,3932.23,3568.0,3742.64,14585.556
2024-03-16,3743.0,3780.89,3468.0,3520.5,8684.5957
2024-03-17,3520.2,3677.38,3411.3,3642.04,7839.8495
2024-03-18,3641.87,3652.99,3454.28,3520.48,7058.2381
2024-03-19,3519.61,3546.69,3148.72,3157.21,17963.9672
2024-03-20,3156.8,3535.6,3057.5,3516.22,21194.7193
2024-03-21,3515.77,3586.78,3411.2,3491.63,8350.9401
2024-03-22,3491.43,3542.28,3249.09,3336.51,9865.4124
2024-03-23,3337.34,3434.2,3270.51,3330.01,4559.1403
2024-03-24,3329.99,3470.8,3300.4,3454.96,4235.2262
2024-03-25,3456.25,3668.39,3420.21,3591.22,8143.1928
2024-03-26,3591.2,3681.0,3543.89,3586.47,5716.8921
2024-03-27,3587.12,3666.15,3459.0,3499.41,5643.0374
2024-03-28,3498.63,3611.3,3462.76,3560.55,4509.3732
2024-03-29,3560.39,3584.89,3472.04,3511.59,3889.3524
2024-03-30,3511.59,3567.61,3488.61,3506.94,2821.6227
2024-03-31,3507.14,3654.6,3506.54,3645.3,4377.3148
2024-04-01,3645.71,3645.77,3412.52,3505.2,7003.1667
2024-04-02,3506.59,3507.28,3211.85,3278.92,10679.2255
2024-04-03,3279.58,3368.2,3204.29,3311.91,9058.2897
2024-04-04,3311.22,3444.8,3251.8,3328.57,7371.8384
2024-04-05,3328.98,3350.0,3210.58,3319.39,7360.1452
2024-04-06,3319.0,3399.06,3308.7,3352.2,2829.2347
2024-04-07,3352.4,3495.22,3345.28,3454.27,3232.823
2024-04-08,3454.13,3729.93,3407.86,3694.42,6555.7188
2024-04-09,3694.22,3725.96,3450.47,3504.8,6996.6266
2024-04-10,3504.44,3565.68,3413.47,3545.08,6725.5885
2024-04-11,3546.49,3617.8,3474.13,3502.42,7242.5889
2024-04-12,3502.21,3552.48,3084.44,3239.76,16035.6435
2024-04-13,3238.0,3302.44,2835.0,3010.8,22263.7599
2024-04-14,3010.6,3176.0,2910.81,3158.79,17055.5391
2024-04-15,3157.99,3281.12,3025.4,3102.37,11285.8275
2024-04-16,3103.2,3127.6,2989.1,3085.4,12756.3831
2024-04-17,3086.27,3123.2,2914.93,2985.57,9035.0364
2024-04-18,2985.26,3097.1,2950.0,3065.66,7144.6909
2024-04-19,3065.1,3129.26,2865.0,3057.76,10599.7675
2024-04-20,3057.54,3172.31,3019.89,3157.41,4414.2531
2024-04-21,3156.89,3198.6,3117.0,3147.87,4243.309
2024-04-22,3148.16,3236.85,3130.1,3201.21,6560.5751
2024-04-23,3201.21,3265.85,3152.79,3220.06,5363.2992
2024-04-24,3219.0,3293.41,3103.2,3139.19,10193.8811
2024-04-25,3138.99,3191.27,3072.3,3155.19,8816.5713
2024-04-26,3155.19,3167.15,3101.6,3129.61,5984.659
2024-04-27,3131.16,3281.8,3066.26,3253.01,7017.7744
2024-04-28,3253.3,3363.43,3248.45,3262.6,6179.4471
2024-04-29,3262.21,3285.59,3114.51,3215.61,8446.5308
2024-04-30,3216.8,3249.66,2916.78,3011.83,13239.8333
2024-05-01,3011.4,3019.79,2812.74,2968.1,15895.4755
2024-05-02,2968.15,3017.7,2890.15,2986.4,8621.2916
2024-05-03,2985.71,3128.0,2959.0,3103.31,6881.9032
2024-05-04,3103.49,3168.44,3093.37,3117.91,4347.6148
2024-05-05,3117.61,3172.4,3073.17,3136.87,5595.2157
2024-05-06,3136.98,3221.88,3046.01,3062.62,9797.573
2024-05-07,3062.79,3129.55,2999.32,3006.0,8998.6259
2024-05-08,3005.83,3038.0,2930.0,2973.21,8292.1645
2024-05-09,2972.0,3058.53,2949.28,3035.96,7091.6142
2024-05-10,3035.83,3053.02,2877.5,2909.34,8784.7943
2024-05-11,2909.33,2943.4,2885.42,2911.59,5292.7363
2024-05-12,2910.79,2953.86,2900.37,2927.8,3009.0345
2024-05-13,2927.8,2996.08,2864.14,2950.56,8500.6867
2024-05-14,2950.38,2960.01,2860.0,2880.62,8001.4685
2024-05-15,2880.62,3044.13,2862.55,3033.61,13200.8405
2024-05-16,3033.4,3042.74,2923.2,2944.84,6747.5441
2024-05-17,2945.21,3121.53,2933.34,3093.21,7917.4931
2024-05-18,3093.84,3147.8,3085.0,3123.63,4163.393
2024-05-19,3124.24,3136.99,3053.34,3070.45,3208.1829
2024-05-20,3070.61,3694.41,3047.8,3662.42,31502.8898
2024-05-21,3662.46,3840.0,3625.4,3789.58,22996.4129
2024-05-22,3789.52,3812.3,3653.4,3736.52,12438.8803
2024-05-23,3736.78,4000.0,3400.0,3782.22,28518.0142
2024-05-24,3781.0,3828.0,3627.0,3727.58,11385.1394
2024-05-25,3727.21,3778.76,3708.38,3748.87,3183.121
2024-05-26,3748.98,3881.92,3731.4,3824.93,6749.2685
2024-05-27,3825.37,3974.76,3821.1,3891.53,8639.388
2024-05-28,3891.53,3928.22,3769.61,3840.66,8386.4609
2024-05-29,3840.43,3883.77,3740.72,3762.55,7573.9476
2024-05-30,3762.27,3824.8,3701.0,3745.95,7201.4723
2024-05-31,3746.8,3850.0,3720.45,3758.58,7713.3336
2024-06-01,3759.67,3830.71,3748.8,3812.94,2805.7398
2024-06-02,3812.76,3835.0,3750.0,3779.03,3295.7158
2024-06-03,3779.21,3850.0,3757.44,3766.41,4966.5511
2024-06-04,3766.36,3831.99,3725.14,3810.81,6578.7081
2024-06-05,3810.82,3888.12,3778.24,3867.18,8153.5277
2024-06-06,3866.36,3879.0,3758.0,3812.18,5999.9022
2024-06-07,3811.8,3839.61,3574.67,3676.81,9123.1873
2024-06-08,3676.84,3707.96,3660.28,3680.79,2895.1619
2024-06-09,3680.33,3721.22,3666.15,3705.75,2163.6849
2024-06-10,3706.32,3712.53,3643.21,3666.44,4113.5188
2024-06-11,3666.33,3671.6,3427.79,3496.94,11211.8352
2024-06-12,3497.19,3658.2,3462.07,3559.8,9134.7493
2024-06-13,3558.69,3560.3,3427.2,3467.65,7607.9026
2024-06-14,3468.21,3531.65,3358.81,3479.34,8571.5765
2024-06-15,3480.2,3592.64,3471.33,3566.16,5745.4673
2024-06-16,3566.81,3650.0,3539.12,3621.81,4007.6595
2024-06-17,3621.81,3635.8,3464.44,3509.88,10362.2228
2024-06-18,3509.62,3515.6,3350.0,3482.39,14435.7351
2024-06-19,3481.93,3587.01,3465.01,3559.2,10696.9555
2024-06-20,3559.07,3624.0,3483.48,3510.61,9632.8237
2024-06-21,3510.81,3545.2,3445.0,3516.8,11401.3136
2024-06-22,3517.02,3519.79,3474.08,3494.23,2800.5029
2024-06-23,3494.33,3519.4,3404.08,3418.53,3901.9596
2024-06-24,3418.6,3434.64,3225.0,3350.78,17859.6737
2024-06-25,3350.97,3429.79,3335.6,3394.6,11141.2849
2024-06-26,3394.01,3425.58,3325.04,3369.69,6974.0526
2024-06-27,3370.41,3474.45,3360.14,3446.39,8243.2519
2024-06-28,3446.4,3484.13,3354.34,3374.26,9795.2056
2024-06-29,3374.26,3403.06,3367.16,3373.8,4012.3296
2024-06-30,3374.19,3454.93,3347.33,3433.19,4812.4501
2024-07-01,3433.25,3519.09,3420.83,3439.6,10207.4599
2024-07-02,3438.59,3460.59,3392.61,3416.34,7627.5953
2024-07-03,3416.89,3427.19,3246.6,3292.0,12304.9425
2024-07-04,3292.14,3309.78,3050.0,3058.29,24539.0156
2024-07-05,3058.91,3185.41,2810.6,2982.0,37616.5263
2024-07-06,2981.82,3081.81,2955.61,3067.17,10434.7423
2024-07-07,3067.67,3073.31,2920.0,2930.4,9200.2239
2024-07-08,2930.76,3096.0,2822.32,3019.0,25777.5812
2024-07-09,3018.61,3113.8,3003.92,3066.19,13350.3547
2024-07-10,3066.59,3150.61,3024.13,3101.26,11413.2959
2024-07-11,3099.62,3217.0,3053.01,3099.59,16684.5155
2024-07-12,3099.59,3159.5,3046.6,3134.4,10661.0922
2024-07-13,3134.6,3203.0,3114.25,3176.79,8152.6059
2024-07-14,3176.99,3269.49,3164.07,3245.8,12913.9395
2024-07-15,3245.82,3495.86,3234.43,3485.14,21970.8078
2024-07-16,3485.27,3500.0,3348.28,3446.0,21404.9081
2024-07-17,3446.19,3518.4,3377.41,3387.64,16960.7123
2024-07-18,3387.6,3489.4,3368.0,3425.8,16801.2472
2024-07-19,3425.8,3541.4,3376.8,3505.8,21485.0221
2024-07-20,3505.61,3540.8,3479.81,3518.8,10548.5356
2024-07-21,3518.81,3550.29,3410.41,3536.11,15370.6968
2024-07-22,3536.21,3562.95,3423.36,3440.71,18479.1901
2024-07-23,3440.8,3540.0,3390.88,3483.38,32031.0693
2024-07-24,3483.2,3488.4,3300.01,3335.58,20222.316
2024-07-25,3335.5,3342.07,3087.01,3174.41,37866.9494
2024-07-26,3174.4,3286.4,3170.2,3275.3,19812.0756
2024-07-27,3275.2,3328.11,3192.5,3249.9,17828.0161
2024-07-28,3249.0,3283.91,3198.14,3270.2,8991.0382
2024-07-29,3270.21,3396.21,3257.78,3317.7,23246.9714
2024-07-30,3317.7,3365.91,3232.31,3278.42,17675.2026
2024-07-31,3278.41,3348.4,3212.94,3231.61,20102.6126
2024-08-01,3231.7,3241.8,3077.79,3200.8,27760.8621
2024-08-02,3200.7,3215.4,2964.0,2986.0,31055.4566
2024-08-03,2986.01,3016.31,2854.24,2902.16,21191.4078
2024-08-04,2901.89,2933.67,2625.0,2688.2,29953.0559
2024-08-05,2687.98,2696.6,2105.0,2420.2,152269.6158
2024-08-06,2420.4,2556.8,2415.2,2462.39,47317.6865
2024-08-07,2462.15,2552.38,2309.79,2343.75,44138.1212
2024-08-08,2343.15,2725.11,2321.26,2683.42,44045.9505
2024-08-09,2683.05,2708.18,2553.37,2599.9,27006.3031
2024-08-10,2599.93,2645.69,2577.55,2610.65,10665.6778
2024-08-11,2610.81,2719.99,2541.39,2555.69,18124.9515
2024-08-12,2555.6,2750.41,2510.37,2723.4,30007.0631
2024-08-13,2723.27,2738.82,2612.13,2703.41,20229.6353
2024-08-14,2703.4,2782.99,2634.24,2662.09,19979.5287
2024-08-15,2662.07,2675.73,2516.66,2570.66,20537.568
2024-08-16,2570.6,2631.2,2551.8,2593.48,14116.4036
2024-08-17,2593.69,2629.0,2588.29,2615.19,4639.9162
2024-08-18,2614.95,2687.27,2595.44,2611.01,10419.4551
2024-08-19,2612.74,2649.0,2563.77,2637.2,13254.9011
2024-08-20,2637.53,2697.21,2555.17,2572.96,18919.7301
2024-08-21,2572.78,2664.8,2537.0,2631.7,14464.0805
2024-08-22,2631.58,2645.5,2585.6,2623.78,11844.8648
2024-08-23,2623.69,2801.8,2621.89,2764.5,18849.9438
2024-08-24,2764.8,2820.89,2734.04,2769.2,16959.2537
2024-08-25,2769.19,2793.4,2735.35,2747.79,19368.6331
2024-08-26,2747.56,2763.55,2667.91,2681.27,11740.4397
2024-08-27,2681.16,2700.51,2391.02,2458.41,28761.2995
2024-08-28,2458.31,2557.74,2419.6,2528.25,25462.0754
2024-08-29,2528.99,2596.24,2506.39,2528.0,13619.0134
2024-08-30,2527.9,2551.68,2429.95,2525.89,20483.2043
2024-08-31,2525.9,2534.17,2492.38,2513.13,5094.9912
2024-09-01,2512.77,2516.2,2399.79,2426.26,14148.9188
2024-09-02,2426.0,2564.09,2423.6,2537.9,13227.9737
2024-09-03,2537.86,2553.4,2411.89,2424.8,12567.1495
2024-09-04,2424.81,2490.0,2306.54,2450.78,31132.3473
2024-09-05,2450.52,2465.99,2346.88,2368.13,24769.7187
2024-09-06,2368.06,2407.88,2150.0,2224.84,59437.0718
2024-09-07,2224.6,2311.42,2221.62,2273.39,26638.7553
2024-09-08,2273.6,2333.28,2241.2,2297.39,25791.6521
2024-09-09,2297.39,2381.81,2273.2,2360.2,36712.3478
2024-09-10,2360.01,2399.89,2321.25,2388.61,23958.8256
2024-09-11,2388.72,2389.59,2277.27,2340.97,37039.7796
2024-09-12,2340.69,2391.89,2315.15,2362.0,21238.5104
2024-09-13,2362.01,2466.83,2337.68,2440.6,24800.859
2024-09-14,2441.34,2442.74,2377.53,2418.55,11993.7267
2024-09-15,2418.55,2431.08,2278.45,2316.42,19254.8508
2024-09-16,2316.41,2335.23,2252.76,2295.63,37836.5221
2024-09-17,2295.76,2393.8,2263.45,2342.06,29097.5026
2024-09-18,2342.07,2376.2,2277.79,2374.55,37628.7188
2024-09-19,2375.0,2495.62,2372.86,2466.19,34553.6434
2024-09-20,2466.01,2572.4,2438.26,2561.51,27072.7198
2024-09-21,2562.0,2623.2,2529.25,2613.07,12628.7934
2024-09-22,2612.86,2632.6,2525.01,2580.82,19501.7927
2024-09-23,2581.19,2702.77,2540.4,2646.92,36868.5664
2024-09-24,2646.92,2671.41,2592.01,2653.6,29557.2823
2024-09-25,2653.6,2673.54,2554.68,2579.92,24263.8547
2024-09-26,2579.97,2667.01,2559.17,2632.72,30694.2671
2024-09-27,2632.92,2728.8,2615.89,2695.17,28505.7356
2024-09-28,2695.28,2704.99,2650.96,2676.0,11117.9304
2024-09-29,2675.92,2683.98,2633.85,2658.15,12473.5169
2024-09-30,2658.15,2663.95,2574.31,2601.7,30540.8406
2024-10-01,2601.71,2658.2,2413.81,2448.0,67624.0318
2024-10-02,2447.43,2498.58,2352.3,2364.06,41920.9999
2024-10-03,2363.92,2403.2,2309.6,2349.74,41333.8151
2024-10-04,2349.88,2441.1,2339.14,2414.49,29093.8776
2024-10-05,2414.49,2428.4,2390.02,2414.29,9670.278
2024-10-06,2414.49,2457.56,2406.93,2440.0,10163.1379
2024-10-07,2439.99,2520.36,2403.01,2422.81,40737.1631
2024-10-08,2422.21,2464.68,2400.24,2439.65,24846.5532
2024-10-09,2439.65,2472.42,2349.78,2368.88,30193.3128
2024-10-10,2368.79,2418.47,2327.14,2384.57,36547.0501
2024-10-11,2384.57,2471.28,2380.39,2438.88,26543.2983
2024-10-12,2439.18,2489.89,2433.8,2475.96,14323.9823
2024-10-13,2475.96,2484.7,2436.21,2468.17,13133.586
2024-10-14,2468.17,2654.47,2442.94,2629.36,56925.8397
2024-10-15,2629.19,2688.28,2537.7,2607.02,49268.6783
2024-10-16,2606.92,2647.03,2588.81,2610.95,38388.9055
2024-10-17,2610.96,2647.51,2575.05,2604.98,30314.7392
2024-10-18,2605.24,2676.0,2595.84,2641.93,33266.5634
2024-10-19,2642.36,2663.1,2631.15,2648.21,8957.1119
2024-10-20,2648.27,2758.5,2635.49,2746.29,24057.8776
2024-10-21,2746.43,2768.91,2654.6,2665.85,42096.3028
2024-10-22,2665.84,2670.76,2605.12,2621.78,36718.7877
2024-10-23,2621.54,2627.46,2447.92,2522.42,44599.0267
2024-10-24,2522.41,2559.98,2505.53,2534.61,32223.7211
2024-10-25,2534.62,2565.19,2379.41,2436.23,59373.0435
2024-10-26,2436.11,2504.75,2425.92,2479.59,20227.8156
2024-10-27,2479.76,2524.82,2461.3,2505.2,11792.8902
2024-10-28,2505.3,2588.2,2469.11,2566.21,42279.4877
2024-10-29,2566.2,2681.55,2559.86,2638.34,62602.7985
2024-10-30,2638.4,2721.29,2599.55,2658.4,44423.9942
2024-10-31,2658.43,2668.18,2500.0,2515.24,68858.7911
2024-11-01,2515.07,2585.2,2465.07,2510.4,50728.9525
2024-11-02,2510.4,2522.58,2469.5,2493.58,14289.2438
2024-11-03,2493.58,2495.77,2409.8,2456.6,46771.6451
2024-11-04,2456.78,2489.99,2356.43,2397.12,42570.5344
2024-11-05,2396.94,2479.6,2379.45,2422.4,43961.4884
2024-11-06,2422.52,2747.55,2420.21,2724.67,140020.7903
2024-11-07,2724.4,2920.27,2701.87,2897.59,85663.0742
2024-11-08,2897.99,2985.2,2889.52,2963.99,59056.143
2024-11-09,2964.09,3163.3,2956.82,3127.82,53516.0041
2024-11-10,3127.82,3252.34,3070.77,3186.02,104642.6613
2024-11-11,3186.01,3391.41,3108.01,3376.0,124145.7684
2024-11-12,3376.0,3450.0,3170.0,3247.58,129356.5129
2024-11-13,3247.58,3338.95,3121.57,3191.38,102293.7395
2024-11-14,3191.39,3242.47,3026.0,3059.1,84152.5117
2024-11-15,3058.69,3131.37,3014.6,3091.04,69798.1702
2024-11-16,3090.64,3220.43,3073.07,3134.41,40196.7757
2024-11-17,3135.0,3161.7,3036.36,3076.34,46244.7609
2024-11-18,3076.9,3225.73,3050.0,3209.62,58043.8065
2024-11-19,3209.42,3223.13,3070.12,3112.06,49673.7708
2024-11-20,3111.61,3161.5,3032.21,3072.17,54273.6398
2024-11-21,3072.23,3390.12,3035.55,3359.81,95756.7946
2024-11-22,3359.44,3429.16,3261.0,3331.8,67665.5838
2024-11-23,3332.15,3500.0,3316.81,3397.21,68050.3125
2024-11-24,3397.39,3453.42,3285.71,3364.79,45429.0546
2024-11-25,3365.56,3547.0,3304.45,3414.92,99848.0034
2024-11-26,3414.02,3462.78,3252.69,3323.23,70342.476
2024-11-27,3323.23,3688.73,3301.42,3657.42,84147.7257
2024-11-28,3657.22,3665.38,3530.94,3579.39,59743.4808
2024-11-29,3579.41,3649.0,3535.49,3593.59,40543.822
2024-11-30,3593.59,3740.92,3570.1,3706.1,45273.1043
2024-12-01,3706.14,3749.41,3661.62,3710.35,38085.5749
2024-12-02,3709.98,3763.0,3556.91,3644.66,90438.0995
2024-12-03,3644.66,3670.69,3501.68,3617.21,59711.8275
2024-12-04,3617.29,3896.94,3617.22,3844.0,104739.8058
2024-12-05,3843.73,3959.21,3635.67,3789.01,129684.3927
2024-12-06,3789.45,4095.57,3781.61,4005.61,106668.4807
2024-12-07,4005.61,4030.39,3973.73,4000.44,29653.6404
2024-12-08,4000.45,4018.79,3926.55,4007.2,26931.7476
2024-12-09,4008.0,4045.0,3505.0,3713.6,123999.3204
2024-12-10,3713.6,3782.16,3513.56,3630.82,127079.2764
2024-12-11,3630.64,3851.8,3565.01,3834.96,66328.156
2024-12-12,3834.96,3989.59,3799.26,3882.57,101688.0422
2024-12-13,3882.56,3968.98,3854.61,3907.62,55825.2886
2024-12-14,3908.04,3945.98,3825.13,3869.69,34383.4103
2024-12-15,3869.63,3973.75,3830.91,3958.17,40511.3438
2024-12-16,3958.45,4108.93,3882.07,3987.32,97745.3827
2024-12-17,3988.6,4041.72,3850.0,3893.36,65851.773
2024-12-18,3893.03,3906.74,3616.32,3624.83,95530.5221
2024-12-19,3624.89,3718.6,3322.0,3414.38,146091.3319
2024-12-20,3414.62,3497.34,3095.0,3469.64,193946.2356
2024-12-21,3470.78,3553.78,3290.77,3337.17,77894.8832
2024-12-22,3337.17,3400.35,3217.8,3278.5,37281.5491
2024-12-23,3279.02,3461.99,3214.2,3418.21,104967.3316
2024-12-24,3418.21,3537.41,3353.02,3491.11,51563.667
2024-12-25,3490.74,3545.0,3437.6,3494.21,36225.4407
2024-12-26,3494.67,3512.38,3301.42,3330.8,48147.4525
2024-12-27,3330.81,3438.29,3302.2,3328.99,46837.6338
2024-12-28,3328.67,3423.22,3317.21,3397.68,22062.4051
2024-12-29,3397.82,3407.79,3319.85,3350.0,26465.4198
2024-12-30,3350.15,3430.02,3291.56,3355.61,54368.2727
2024-12-31,3355.64,3445.87,3310.18,3330.81,33138.9386
2025-01-01,3330.93,3367.4,3308.31,3353.21,22949.2113
2025-01-02,3353.23,3516.6,3347.59,3452.38,39122.2647
2025-01-03,3452.75,3628.94,3420.6,3607.73,48046.4438
2025-01-04,3607.73,3670.45,3571.43,3656.14,29171.6386
2025-01-05,3656.15,3674.73,3593.28,3635.48,21623.0883
2025-01-06,3635.49,3745.37,3610.3,3688.96,45253.0898
2025-01-07,3688.8,3702.39,3355.4,3380.53,91101.9082
2025-01-08,3380.52,3414.4,3207.31,3326.41,87555.0517
2025-01-09,3326.4,3356.61,3156.08,3218.92,67917.2929
2025-01-10,3219.19,3321.67,3194.37,3266.72,59002.8931
2025-01-11,3266.22,3318.9,3216.1,3281.93,18844.3444
2025-01-12,3281.99,3298.3,3223.36,3265.4,18139.0187
2025-01-13,3266.19,3336.59,2911.0,3136.79,106504.3798
2025-01-14,3136.8,3255.99,3124.55,3224.2,55862.8927
2025-01-15,3224.49,3480.0,3185.5,3451.8,77414.3458
2025-01-16,3451.71,3460.07,3264.16,3308.08,68200.9974
2025-01-17,3307.91,3527.0,3307.32,3474.97,76866.2408
2025-01-18,3475.38,3495.94,3225.43,3304.17,97103.1757
2025-01-19,3304.17,3444.99,3125.5,3209.99,181062.4254
2025-01-20,3210.4,3448.0,3139.73,3280.01,161444.2476
2025-01-21,3280.49,3368.22,3201.0,3327.8,63495.2071
2025-01-22,3327.71,3365.85,3222.01,3241.41,48202.1705
2025-01-23,3241.41,3348.99,3182.46,3338.4,81771.0166
2025-01-24,3339.08,3428.47,3275.49,3309.91,90532.8033
2025-01-25,3309.99,3350.0,3269.23,3318.79,28682.3687
2025-01-26,3318.8,3363.11,3228.71,3231.68,27339.1902
2025-01-27,3231.68,3253.17,3018.0,3181.91,120029.1487
2025-01-28,3182.2,3223.38,3038.24,3076.03,50142.2609
2025-01-29,3075.97,3182.01,3054.17,3114.0,56439.8598
2025-01-30,3114.07,3283.57,3091.39,3247.62,48609.8153
2025-01-31,3247.61,3438.43,3213.7,3300.04,99035.3709
2025-02-01,3299.92,3330.94,3100.96,3116.56,48937.9377
2025-02-02,3116.41,3163.12,2750.0,2869.29,140954.101
2025-02-03,2869.49,2924.4,2100.0,2883.19,505947.3166
2025-02-04,2882.65,2891.69,2633.56,2731.99,190601.0604
2025-02-05,2732.49,2827.93,2700.0,2788.39,124552.5309
2025-02-06,2788.32,2858.75,2655.82,2686.78,109518.3684
2025-02-07,2686.78,2798.81,2563.02,2622.87,96936.6216
2025-02-08,2622.7,2667.88,2589.13,2633.01,45016.3706
2025-02-09,2633.27,2699.43,2522.35,2627.81,48004.7117
2025-02-10,2627.81,2694.15,2560.66,2661.91,52787.2075
2025-02-11,2661.51,2725.49,2559.59,2602.58,62386.0016
2025-02-12,2602.4,2796.18,2545.53,2738.05,87123.6866
2025-02-13,2739.12,2757.98,2613.33,2676.08,50825.0729
2025-02-14,2676.09,2792.47,2664.93,2726.18,43026.3274
2025-02-15,2726.7,2739.49,2663.61,2693.74,23304.2615
2025-02-16,2693.73,2729.71,2652.0,2661.8,20333.2786
2025-02-17,2661.21,2849.89,2638.19,2743.71,68174.6126
2025-02-18,2744.35,2756.96,2605.0,2670.11,83135.1715
2025-02-19,2670.9,2736.2,2655.47,2715.9,41856.4447
2025-02-20,2715.59,2771.34,2707.86,2739.04,41318.9991
2025-02-21,2739.04,2846.76,2615.0,2661.69,131817.7183
2025-02-22,2661.79,2798.07,2652.21,2763.8,48953.5723
2025-02-23,2763.79,2856.0,2746.14,2820.09,65329.0302
2025-02-24,2819.91,2839.97,2471.17,2513.09,152040.9147
2025-02-25,2513.18,2530.7,2312.0,2492.04,217808.9719
2025-02-26,2492.75,2504.49,2251.12,2332.41,153606.6284
2025-02-27,2333.38,2379.65,2228.08,2305.61,131386.1741
2025-02-28,2305.83,2312.23,2073.69,2236.79,276674.4802
2025-03-01,2236.8,2280.59,2142.2,2216.8,83674.3409
2025-03-02,2216.81,2550.83,2172.09,2518.74,215044.0573
2025-03-03,2518.68,2524.01,2096.05,2147.78,212116.2731
2025-03-04,2147.71,2221.59,1991.11,2171.12,267296.3715
2025-03-05,2171.0,2273.16,2154.8,2241.48,131680.8417
2025-03-06,2241.47,2320.13,2176.5,2202.36,108906.1371
2025-03-07,2202.34,2258.96,2102.35,2141.07,183413.9567
2025-03-08,2140.94,2234.36,2104.44,2203.2,43245.7342
2025-03-09,2203.26,2211.66,1989.26,2020.12,113336.2669
2025-03-10,2020.24,2152.8,1809.3,1864.62,1814725.5523
2025-03-11,1864.45,1963.16,1753.86,1922.99,1327676.8609
2025-03-12,1922.86,1956.34,1829.2,1907.8,1124039.161
2025-03-13,1907.79,1923.43,1821.15,1863.9,1340899.5822
2025-03-14,1863.94,1946.06,1860.49,1911.54,739698.6263
2025-03-15,1911.54,1957.88,1903.86,1937.39,237349.8737
2025-03-16,1937.48,1941.3,1860.24,1887.0,402594.0474
2025-03-17,1887.04,1952.64,1879.63,1926.45,578246.7251
2025-03-18,1926.36,1936.04,1872.0,1931.43,612954.9101
2025-03-19,1931.55,2071.11,1927.64,2056.8,1023551.5132
2025-03-20,2056.74,2068.75,1951.11,1982.68,826378.1689
2025-03-21,1982.5,1995.59,1921.8,1965.16,559197.9684
2025-03-22,1965.09,2005.88,1963.58,1980.39,252542.2909
2025-03-23,1980.39,2020.62,1976.38,2006.12,274274.0178
2025-03-24,2006.38,2104.83,1977.56,2081.63,721422.3632
2025-03-25,2081.52,2098.44,2036.96,2066.74,567955.7044
2025-03-26,2066.74,2079.15,1981.65,2009.84,593852.7594
2025-03-27,2009.89,2037.81,1986.43,2003.31,556110.7677
2025-03-28,2003.29,2015.72,1857.29,1896.18,851563.4702
2025-03-29,1896.17,1912.83,1796.83,1827.79,591421.6308
2025-03-30,1827.7,1848.69,1766.37,1807.79,475324.3508
2025-03-31,1807.93,1854.41,1776.59,1822.11,1062738.1632
2025-04-01,1822.04,1927.69,1817.6,1905.18,740610.5472
2025-04-02,1905.21,1956.77,1780.89,1794.87,1533994.1846
2025-04-03,1794.74,1845.3,1748.05,1816.6,1349806.8708
2025-04-04,1816.71,1835.77,1758.41,1816.18,1493437.5731
2025-04-05,1816.21,1826.85,1763.0,1805.48,366880.9124
2025-04-06,1805.52,1816.48,1535.01,1579.69,1337149.3431
2025-04-07,1579.72,1638.18,1409.16,1552.43,3121459.2201
2025-04-08,1552.43,1618.25,1444.04,1472.25,1744850.4705
2025-04-09,1472.24,1689.51,1383.67,1669.19,2758160.1995
2025-04-10,1669.08,1669.68,1471.54,1521.43,866049.5344
2025-04-11,1521.31,1591.16,1503.63,1566.01,730005.4195
2025-04-12,1565.85,1669.44,1545.01,1644.0,554919.4139
2025-04-13,1644.03,1649.7,1561.54,1597.39,617164.3672
2025-04-14,1597.18,1691.37,1595.01,1623.63,801652.5051
2025-04-15,1623.6,1661.33,1582.99,1588.6,642312.9106
2025-04-16,1588.6,1613.69,1537.98,1577.21,700158.1793
2025-04-17,1577.13,1617.0,1562.82,1583.77,489241.9606
2025-04-18,1583.84,1600.62,1573.46,1588.49,223229.9021
2025-04-19,1588.62,1631.98,1584.62,1612.95,205211.8527
2025-04-20,1612.94,1619.28,1565.6,1587.34,245778.479
2025-04-21,1587.33,1658.75,1563.47,1579.64,589001.6137
2025-04-22,1579.55,1779.0,1535.01,1757.39,690000.0869
2025-04-23,1757.44,1837.09,1746.0,1796.02,808844.2473
2025-04-24,1795.9,1803.58,1723.01,1770.48,591568.9563
2025-04-25,1770.5,1828.82,1739.52,1785.91,592181.0509
2025-04-26,1785.92,1842.5,1779.81,1821.58,416834.9425
2025-04-27,1821.83,1858.14,1782.33,1791.86,414564.8758
2025-04-28,1791.84,1828.57,1744.78,1800.31,684571.1724
2025-04-29,1800.53,1843.78,1780.67,1798.05,588060.5242
2025-04-30,1798.13,1817.3,1732.35,1793.68,481340.2218
2025-05-01,1793.74,1874.16,1792.51,1838.5,523218.3967
2025-05-02,1838.67,1872.13,1813.34,1843.09,455866.2128
2025-05-03,1843.03,1849.2,1809.76,1833.85,212423.154
2025-05-04,1833.95,1850.31,1802.87,1808.91,301900.8536
2025-05-05,1808.78,1833.42,1781.76,1820.16,442572.5865
2025-05-06,1820.09,1820.84,1751.01,1817.04,470504.5397
2025-05-07,1817.13,1850.54,1787.14,1811.31,522031.5542
2025-05-08,1811.4,2226.48,1808.77,2206.93,1014550.5265
2025-05-09,2206.84,2492.14,2184.25,2345.52,1114892.4962
2025-05-10,2345.34,2601.17,2316.66,2583.29,630941.3642
2025-05-11,2583.1,2608.71,2434.84,2515.08,223115.6048
2025-05-12,2515.26,2624.88,2407.54,2495.58,287123.4025
2025-05-13,2495.58,2739.84,2415.49,2680.04,265170.9145
2025-05-14,2679.7,2725.7,2547.67,2610.44,232218.4563
2025-05-15,2610.45,2647.5,2478.0,2549.43,215154.0279
2025-05-16,2549.32,2649.79,2530.16,2537.89,172935.0587
2025-05-17,2537.88,2539.29,2447.01,2476.28,135226.5487
2025-05-18,2476.26,2588.65,2315.0,2498.7,250442.9584
2025-05-19,2498.7,2548.29,2348.01,2528.99,280874.6717
2025-05-20,2529.46,2588.75,2443.35,2525.67,199356.8077
2025-05-21,2525.52,2617.58,2453.84,2552.39,348013.1232
2025-05-22,2552.96,2693.61,2546.03,2665.4,281918.9504
2025-05-23,2665.48,2734.42,2498.02,2527.18,273359.7516
2025-05-24,2527.1,2576.82,2515.86,2531.49,70455.6829
2025-05-25,2531.5,2555.62,2463.33,2552.54,93501.7779
2025-05-26,2552.68,2600.62,2526.57,2564.9,85675.408
2025-05-27,2564.9,2713.77,2510.04,2662.5,157141.2479
2025-05-28,2662.4,2690.52,2609.96,2682.5,122928.0289
2025-05-29,2682.51,2790.0,2616.92,2631.61,170031.4762
2025-05-30,2631.61,2650.17,2508.28,2532.24,176533.1494
2025-05-31,2532.24,2552.1,2476.5,2529.5,72462.9995
2025-06-01,2529.42,2551.09,2469.56,2540.7,63973.9317
2025-06-02,2540.7,2616.8,2476.13,2609.3,103581.1627
2025-06-03,2609.3,2657.77,2576.87,2595.29,123236.3577
2025-06-04,2595.29,2681.14,2585.38,2609.09,89156.074
2025-06-05,2609.27,2642.68,2391.91,2415.31,226045.1946
2025-06-06,2415.4,2532.93,2383.34,2478.45,116296.1653
2025-06-07,2478.45,2546.75,2459.01,2526.2,70635.4138
2025-06-08,2526.2,2550.39,2491.32,2511.22,59282.6081
2025-06-09,2511.22,2695.46,2479.21,2681.38,151763.1358
2025-06-10,2681.22,2827.7,2656.57,2816.82,268042.0151
2025-06-11,2816.82,2880.5,2743.56,2772.5,251799.4987
2025-06-12,2772.51,2785.88,2617.5,2643.91,215370.8283
2025-06-13,2643.98,2646.82,2438.28,2580.39,382784.491
2025-06-14,2580.49,2580.9,2489.09,2532.01,85981.4845
2025-06-15,2532.02,2560.26,2492.61,2548.12,101801.379
2025-06-16,2548.01,2681.27,2515.0,2545.61,199988.9154
2025-06-17,2545.89,2619.48,2454.29,2510.59,239225.5309
2025-06-18,2510.59,2549.09,2466.36,2525.64,206740.4042
2025-06-19,2525.64,2547.95,2485.58,2521.73,86560.5727
2025-06-20,2521.8,2569.53,2367.58,2406.72,225143.8085
2025-06-21,2406.86,2449.03,2215.5,2296.99,171104.8509
2025-06-22,2296.99,2319.42,2112.39,2228.41,326326.3461
2025-06-23,2228.39,2440.57,2189.2,2413.38,333630.2135
2025-06-24,2413.39,2483.62,2377.78,2449.6,217517.6817
2025-06-25,2449.68,2470.25,2390.33,2419.69,156886.7993
2025-06-26,2419.89,2521.8,2395.14,2417.27,164800.5976
2025-06-27,2417.26,2464.5,2383.11,2424.35,112559.0096
2025-06-28,2424.36,2449.06,2407.05,2436.85,46837.0933
2025-06-29,2436.86,2525.6,2412.25,2500.81,83882.1674
2025-06-30,2501.1,2525.0,2433.92,2486.05,175623.5568
2025-07-01,2486.16,2501.52,2386.66,2405.51,132882.258
2025-07-02,2405.5,2620.29,2374.01,2571.41,191480.8767
2025-07-03,2571.27,2637.04,2557.29,2592.03,165659.9831
2025-07-04,2592.02,2604.0,2474.52,2508.69,150531.0261
2025-07-05,2508.69,2530.48,2488.41,2516.92,50443.808
2025-07-06,2516.98,2605.55,2504.14,2570.8,102137.4886
2025-07-07,2570.81,2591.31,2512.26,2542.55,133371.3958
2025-07-08,2542.75,2628.53,2523.38,2616.0,161833.8484
2025-07-09,2615.99,2796.67,2589.99,2769.59,300391.1977
2025-07-10,2769.62,3000.0,2756.29,2951.5,332886.6983
2025-07-11,2951.57,3041.43,2914.33,2959.11,338185.635
2025-07-12,2959.11,2981.61,2904.47,2944.12,144139.3831
2025-07-13,2944.48,3021.56,2937.45,2973.58,124144.9911
2025-07-14,2973.44,3083.55,2964.41,3014.4,312331.8103
2025-07-15,3014.3,3144.69,2933.0,3138.24,344941.7163
2025-07-16,3138.31,3426.46,3101.16,3372.91,366226.0918
2025-07-17,3372.91,3526.57,3312.26,3480.0,839294.9636
2025-07-18,3479.8,3677.98,3461.98,3549.67,1411375.1474
2025-07-19,3549.67,3611.52,3509.24,3594.11,670504.2758
2025-07-20,3594.01,3826.0,3580.88,3758.87,1116338.3209
2025-07-21,3759.1,3860.0,3703.4,3764.02,316717.2443
2025-07-22,3764.08,3800.92,3618.13,3748.7,251659.2972
2025-07-23,3748.7,3766.29,3528.13,3630.4,241274.2153
2025-07-24,3630.48,3773.94,3508.0,3709.39,246206.437
2025-07-25,3709.56,3747.39,3575.18,3725.96,240368.1993
2025-07-26,3726.0,3796.02,3694.57,3743.29,136934.6748
2025-07-27,3743.3,3881.43,3731.79,3874.11,155286.4081
2025-07-28,3874.12,3942.28,3754.0,3798.6,177150.0738
2025-07-29,3798.63,3886.64,3716.1,3793.66,200720.1701
2025-07-30,3793.55,3834.04,3676.29,3810.78,227618.025
2025-07-31,3810.79,3878.9,3684.27,3698.47,229038.3107
2025-08-01,3698.47,3724.21,3430.43,3486.93,440443.879
2025-08-02,3486.92,3537.71,3367.28,3393.59,330981.6263
2025-08-03,3393.71,3522.7,3354.07,3497.68,174343.6212
2025-08-04,3497.68,3737.77,3491.62,3721.34,267319.2562
2025-08-05,3721.2,3722.0,3545.48,3612.47,328876.4574
2025-08-06,3612.48,3699.59,3564.2,3684.2,252859.0314
2025-08-07,3684.2,3929.5,3648.71,3911.8,289964.3851
2025-08-08,3911.72,4071.78,3881.02,4011.0,223148.6794
2025-08-09,4011.0,4327.3,4007.59,4262.25,223549.3292
2025-08-10,4262.26,4334.0,3955.45,4251.83,155394.5058
2025-08-11,4251.84,4368.64,4166.25,4224.16,222685.3151
2025-08-12,4224.16,4640.0,4219.65,4590.01,276785.4331
2025-08-13,4590.01,4786.53,4564.14,4751.6,306351.0702
2025-08-14,4751.87,4791.31,4451.4,4550.2,356938.6344
2025-08-15,4550.2,4675.0,4363.57,4442.76,242803.4836
2025-08-16,4442.75,4494.76,4375.99,4425.2,107235.4904
2025-08-17,4425.29,4578.99,4397.59,4475.5,126998.513
2025-08-18,4475.45,4485.35,4227.71,4316.29,262356.0203
2025-08-19,4315.81,4358.15,4067.31,4075.2,264544.0549
2025-08-20,4075.12,4378.89,4063.27,4336.7,281957.2015
2025-08-21,4336.79,4340.79,4203.85,4224.89,130253.6973
2025-08-22,4224.89,4887.66,4207.34,4830.54,391938.832
2025-08-23,4830.54,4830.54,4660.01,4776.9,129770.0012
2025-08-24,4777.0,4957.17,4708.63,4780.09,237123.6903
2025-08-25,4780.19,4797.73,4334.9,4377.58,287921.7783
2025-08-26,4377.59,4635.09,4312.52,4601.95,261482.7693
2025-08-27,4601.96,4665.0,4482.06,4507.18,279577.7349
2025-08-28,4507.84,4635.61,4428.82,4511.9,174218.8076
2025-08-29,4511.82,4517.93,4265.31,4361.07,238130.6963
2025-08-30,4361.27,4416.52,4258.02,4374.99,97450.0779
2025-08-31,4374.99,4500.0,4373.67,4392.84,98477.3783
2025-09-01,4392.78,4492.2,4211.0,4315.22,172769.2823
2025-09-02,4315.25,4417.4,4258.4,4327.22,176876.9774
2025-09-03,4327.22,4492.07,4283.96,4452.55,135438.2097
2025-09-04,4452.56,4485.0,4265.77,4298.82,144792.5308
2025-09-05,4298.33,4492.0,4255.88,4308.02,193284.6074
2025-09-06,4308.1,4329.51,4236.0,4274.71,49508.3719
2025-09-07,4274.78,4336.77,4271.0,4306.33,44212.3413
2025-09-08,4306.12,4384.99,4279.33,4306.63,113389.5102
2025-09-09,4306.63,4382.82,4277.37,4310.67,102727.3655
2025-09-10,4310.66,4454.99,4285.53,4350.94,106681.1225
2025-09-11,4351.05,4484.34,4340.15,4461.01,126429.3387
2025-09-12,4461.01,4754.82,4452.44,4715.61,147608.3002
2025-09-13,4715.61,4770.56,4608.19,4669.52,95349.4075
2025-09-14,4669.9,4695.44,4578.48,4606.44,78527.3213
2025-09-15,4606.44,4672.49,4468.0,4525.15,126687.7668
2025-09-16,4525.16,4539.74,4425.12,4503.24,104871.9071
2025-09-17,4503.24,4619.0,4412.12,4592.5,153102.427
2025-09-18,4592.5,4647.3,4555.72,4590.13,93201.3222
2025-09-19,4590.13,4623.3,4438.48,4471.9,103682.6732
2025-09-20,4471.91,4511.94,4457.41,4483.42,42806.8556
2025-09-21,4483.43,4501.54,4445.87,4447.77,40634.9397
2025-09-22,4447.78,4459.18,4065.98,4203.11,206086.326
2025-09-23,4203.1,4232.65,4118.08,4165.97,90175.7099
2025-09-24,4165.97,4209.2,4075.31,4154.99,83959.0901
2025-09-25,4154.99,4163.42,3826.0,3876.83,271113.2088
2025-09-26,3876.83,4071.59,3870.01,4035.0,166863.5853
2025-09-27,4035.01,4041.5,3975.55,4021.19,53780.9103
2025-09-28,4021.19,4146.9,3967.61,4144.2,79415.4513
2025-09-29,4144.19,4239.55,4084.2,4218.36,111588.9022
2025-09-30,4218.3,4248.29,4094.3,4146.64,116919.1902
2025-10-01,4146.65,4359.09,4125.1,4350.99,166298.8228
2025-10-02,4350.99,4520.6,4335.65,4487.97,156501.5582
2025-10-03,4487.97,4596.21,4431.73,4517.19,172112.3319
2025-10-04,4517.2,4521.94,4443.38,4489.81,62924.2871
2025-10-05,4489.81,4619.85,4469.92,4516.37,120952.6867
2025-10-06,4516.36,4740.0,4489.94,4686.95,139358.9459
2025-10-07,4686.95,4759.28,4433.75,4450.75,192256.8698
2025-10-08,4450.66,4560.0,4414.2,4527.86,130015.4539
2025-10-09,4527.9,4533.4,4267.65,4371.27,174284.663
2025-10-10,4371.27,4396.78,3378.0,3836.62,439564.4022
2025-10-11,3836.62,3886.48,3647.24,3751.09,272297.722
2025-10-12,3751.1,4201.69,3698.53,4156.17,284397.4081
2025-10-13,4156.17,4297.0,4046.11,4245.16,228266.4604
2025-10-14,4245.24,4267.72,3887.0,4126.89,340888.1169
2025-10-15,4126.88,4220.0,3927.98,3987.79,223187.5756
2025-10-16,3987.8,4087.2,3827.21,3895.5,220080.6419
2025-10-17,3895.5,3951.72,3673.8,3833.19,272857.849
2025-10-18,3833.19,3932.71,3820.8,3890.63,90021.6112
2025-10-19,3890.63,4033.12,3828.06,3984.31,133004.5331
2025-10-20,3984.3,4088.0,3910.56,3980.86,141643.8035
2025-10-21,3980.93,4112.43,3841.47,3875.04,210646.242
2025-10-22,3875.02,3891.54,3707.3,3806.18,217919.0025
2025-10-23,3806.32,3937.16,3797.1,3858.59,132746.6083
2025-10-24,3858.6,4027.87,3847.5,3936.1,130464.0532
2025-10-25,3936.1,3969.44,3913.53,3954.84,43219.706
2025-10-26,3954.83,4179.72,3915.74,4159.44,98853.4174
2025-10-27,4159.45,4254.0,4095.27,4120.92,140176.4414
2025-10-28,4120.8,4176.12,3932.03,3980.36,151152.5019
2025-10-29,3980.36,4037.96,3841.15,3904.05,152241.4081
2025-10-30,3904.05,3949.79,3679.11,3804.96,152373.6916
2025-10-31,3805.15,3904.34,3796.41,3847.09,123095.6451
2025-11-01,3847.1,3908.4,3829.75,3872.96,42711.4799
2025-11-02,3872.96,3917.87,3838.38,3906.25,55122.7972
2025-11-03,3906.26,3914.64,3557.98,3603.78,215249.5917
2025-11-04,3603.78,3654.3,3055.96,3286.85,434387.2618
2025-11-05,3287.01,3481.87,3166.11,3425.03,223286.6447
2025-11-06,3424.9,3456.63,3243.59,3313.96,190444.2415
2025-11-07,3314.04,3472.62,3192.31,3434.4,193135.0664
2025-11-08,3434.39,3486.89,3355.41,3401.03,88916.5155
2025-11-09,3401.04,3623.75,3358.37,3583.08,113740.3291
2025-11-10,3583.08,3658.9,3506.56,3567.27,126753.3131
2025-11-11,3567.26,3647.73,3403.99,3416.88,143932.3696
2025-11-12,3417.0,3588.4,3371.5,3414.98,138922.8147
2025-11-13,3414.58,3565.49,3153.34,3230.06,277541.9497
2025-11-14,3230.15,3255.66,3068.16,3110.78,266880.4107
2025-11-15,3110.79,3229.28,3108.84,3166.46,67273.9343
2025-11-16,3166.46,3247.11,3002.41,3093.25,165213.6264
2025-11-17,3093.25,3221.62,2956.62,3028.59,202720.5668
2025-11-18,3028.6,3169.05,2943.34,3122.66,209722.6678
2025-11-19,3122.65,3124.63,2870.37,3023.36,239669.7286
2025-11-20,3023.37,3061.89,2785.24,2831.61,245735.6277
2025-11-21,2831.56,2883.84,2620.2,2764.65,376873.3066
2025-11-22,2764.82,2797.89,2703.17,2769.07,75905.7732
2025-11-23,2769.07,2857.68,2767.05,2801.84,90468.9148
2025-11-24,2801.7,2986.4,2762.72,2953.29,171752.3018
2025-11-25,2953.29,2980.0,2856.2,2959.2,137445.1226
2025-11-26,2959.16,3045.46,2888.23,3026.96,108338.2719
2025-11-27,3026.88,3072.95,2985.83,3015.56,74125.8567
2025-11-28,3015.56,3100.24,2994.21,3032.19,92106.276
2025-11-29,3032.1,3053.74,2963.08,2990.25,49239.0242
2025-11-30,2990.26,3053.36,2976.4,2992.25,44051.0987
2025-12-01,2992.2,3000.51,2718.35,2799.0,285896.7658
2025-12-02,2799.19,3034.91,2782.64,2997.19,155519.0948
2025-12-03,2997.36,3215.8,2986.67,3189.5,143174.317
2025-12-04,3189.65,3241.32,3067.33,3134.45,118835.5862
2025-12-05,3134.44,3194.84,2983.73,3022.89,143847.5489
2025-12-06,3022.89,3069.73,3013.34,3039.09,46482.9636
2025-12-07,3039.19,3151.31,2913.0,3060.54,115531.6799
2025-12-08,3060.8,3180.94,3041.44,3125.2,113336.4408
2025-12-09,3125.26,3398.42,3091.52,3318.92,152839.1499
2025-12-10,3318.91,3450.0,3288.89,3325.4,129017.1481
2025-12-11,3325.41,3328.76,3146.14,3238.31,148406.7536
2025-12-12,3238.31,3266.66,3045.76,3085.48,120766.7424
2025-12-13,3085.48,3136.36,3079.19,3115.51,43433.7776
2025-12-14,3115.51,3130.64,3026.41,3064.38,79991.1679
2025-12-15,3063.73,3178.45,2892.49,2964.83,156684.556
2025-12-16,2964.92,2982.75,2877.0,2962.03,119080.2796
2025-12-17,2962.19,3030.75,2790.58,2833.1,165286.2072
2025-12-18,2833.14,2996.55,2774.35,2827.23,182391.674
2025-12-19,2827.25,3018.11,2807.04,2978.29,158394.1795
2025-12-20,2978.3,2993.06,2948.0,2977.14,33142.2335
2025-12-21,2977.15,3012.73,2943.42,3001.78,46659.6644
2025-12-22,3001.78,3077.0,2962.82,3008.3,117306.8769
2025-12-23,3008.3,3034.61,2900.0,2963.51,89605.8366
2025-12-24,2963.75,2976.92,2887.19,2945.88,67041.7564
2025-12-25,2945.88,2969.69,2890.0,2902.91,49959.0692
2025-12-26,2902.81,2993.52,2893.06,2926.39,87683.7126
2025-12-27,2926.4,2959.42,2916.14,2947.44,22763.2562
2025-12-28,2947.39,2959.5,2923.28,2949.75,28413.4018
2025-12-29,2949.45,3055.31,2906.92,2935.29,123605.3922
2025-12-30,2935.29,3007.17,2916.55,2971.13,80279.4359
2025-12-31,2971.13,3025.96,2956.24,2968.04,75380.1021
